date,Market_raw,Credit_raw,Capex_Supply_Manual_raw,Infra_Manual_raw,Adoption_raw,Sentiment_raw,Capex_Supply_raw,Infra_raw,Market,Credit,Capex_Supply,Infra,Adoption,Sentiment,AIBPS,AIBPS_RA
1981-03-31,124.53615159341156,13.33,,39.21426804366961,,,,39.21426804366961,78.13593979635118,77.3780628639999,,66.97882972203206,,,74.16427746079438,74.16427746079438
1981-04-30,125.1668133639439,13.88,,37.87802669372245,,,,37.87802669372245,77.10343176927663,83.16752733453254,,46.23503106533549,,,68.83533005638155,71.49980375858797
1981-05-31,127.15082646291252,14.32,,37.62758936027541,,,,37.62758936027541,77.81851923255861,85.38864065433954,,41.43282868945434,,,68.21332952545083,70.40431234754226
1981-06-30,124.16001702958144,13.75,,39.041720690461176,,,,39.041720690461176,72.62877859714277,76.0402731758476,,62.873165136705786,,,70.51407230323204,69.18757729502147
1981-07-31,122.75942975974334,14.38,,39.86297404813643,,,,39.86297404813643,69.69293656121778,82.64587365184252,,72.86398255155991,,,75.06759758820674,71.26499980562987
1981-08-31,114.28982780468525,14.89,,39.55778801480376,,,,39.55778801480376,54.8709645898225,85.52657022344911,,67.72892397757543,,,69.37548626361568,71.65238538501815
1981-09-30,106.53541683729036,15.49,,38.29808356399784,,,,38.29808356399784,40.42057634747289,87.78718811860186,,47.467566504870476,,,58.55844365698174,67.66717583626806
1981-10-31,113.73799454958451,15.4,,37.86103808556638,,,,37.86103808556638,54.288427972008556,84.82303081664642,,39.77032511759874,,,59.62726130208458,62.52039707422733
1981-11-30,117.58628915346,14.22,,37.98135953065482,,,,37.98135953065482,61.48952044712299,70.23386643410716,,41.41676574853963,,,57.71338420992325,58.633029722996525
1981-12-31,114.2125326954434,14.23,,40.15819273842319,,,,40.15819273842319,54.69920714950792,69.73238965749941,,73.83875877453939,,,66.09011852718223,61.14358801306335
1982-01-31,110.96793554318754,15.18,,41.67582957381227,,,,41.67582957381227,47.9898085258287,80.44312187718153,,86.18607593615441,,,71.53966877972154,65.114390505609
1982-02-28,105.00533965640986,15.27,,39.68895822772657,,,,39.68895822772657,36.04560488252841,80.05383838569557,,65.45306383346544,,,60.5175023672298,66.04909655804452
1982-03-31,103.33319047375456,14.58,,38.59401259534905,,,,38.59401259534905,33.22642222832704,70.90065938037395,,49.77672191489989,,,51.30126784120029,61.11947966271722
1982-04-30,108.09287824656812,14.46,,37.05027883619837,,,,37.05027883619837,43.102316811952626,68.68360269159626,,26.60112733598286,,,46.12901561317725,52.64926194053578
1982-05-31,104.19150488310947,14.26,,35.60630851722952,,,,35.60630851722952,35.226546381785546,65.3093979415908,,11.658398030982887,,,37.39811411811974,44.94279919083243
1982-06-30,100.95926912518348,14.81,,36.35188671899223,,,,36.35188671899223,29.475309453537378,72.71217331523036,,16.558730449471685,,,39.58207107274647,41.03640026801449
1982-07-31,98.63453405445588,14.61,,37.22170085794156,,,,37.22170085794156,26.02689604280373,69.39473049528368,,27.24975452726637,,,40.89046035511792,39.29021518199472
1982-08-31,107.2767432673588,13.71,,37.176731550138136,,,,37.176731550138136,43.44800125612498,54.7023101985584,,27.808936906417852,,,41.98641612036708,40.819649182743824
1982-09-30,110.74794394218236,12.94,,36.44448121002637,,,,36.44448121002637,51.30787365585275,41.33032960313607,,20.773376699588823,,,37.80385998619255,40.22691215389252
1982-10-31,124.29489905171933,12.12,,36.19162193808093,,,,36.19162193808093,77.85214440492037,28.635312723476776,,19.9055660696966,,,42.13100773269791,40.64042794641918
1982-11-30,132.48505014531153,11.68,,36.96102810509625,,,,36.96102810509625,86.67616483054542,23.391669499937322,,29.48869846476214,,,46.518844265081626,42.15123732799069
1982-12-31,133.440105726495,11.83,,37.66167030817847,,,,37.66167030817847,86.20538415450629,25.975764228895088,,40.160976220988466,,,50.780708201463284,46.476853399747604
1983-01-31,140.40846014670623,11.79,,40.07698706704685,,,,40.07698706704685,90.18002423680275,26.021608868057033,,76.75330104811707,,,64.31831138432561,53.87262128362351
1983-02-28,145.42563589205412,12.01,,38.05061922391182,,,,38.05061922391182,91.47709025080145,29.57501001443586,,47.89355275369217,,,56.315217672976495,57.138079086255125
1983-03-31,150.70311821025115,11.73,,38.10325180559167,,,,38.10325180559167,92.35280123115174,26.141240998988994,,49.54521742299155,,,56.01308655104409,58.88220520278207
1983-04-30,162.60775511636575,11.51,,37.973494524460335,,,,37.973494524460335,94.72408486989382,23.871158444137862,,47.28049639264968,,,55.29191323556044,55.873405819860345
1983-05-31,166.55817430476904,11.46,,36.77426618840879,,,,36.77426618840879,94.11450482868598,23.85992842491918,,29.22884262425109,,,49.06775862595208,53.45758613751887
1983-06-30,171.9394954909959,11.74,,37.35243204835409,,,,37.35243204835409,93.91992773477179,28.071800160774536,,38.86004075635673,,,53.61725621730101,52.658976026271176
1983-07-31,165.15812668391675,12.15,,40.15350249543427,,,,40.15350249543427,90.1888523435336,34.513333344717616,,80.24649333178509,,,68.3162263400121,57.00041372775505
1983-08-31,162.396784936563,12.51,,41.646518005694006,,,,41.646518005694006,87.7033557342827,40.62812996429066,,89.37734195891936,,,72.56960921916422,64.83436392549244
1983-09-30,164.43578774501665,12.37,,40.68649009859794,,,,40.68649009859794,87.4959047100191,38.37833882849138,,80.52322172706694,,,68.79915508852581,69.89499688256737
1983-10-31,156.50053979785213,12.25,,40.07887799215756,,,,40.07887799215756,82.18399853874742,36.525304525059035,,72.97597067484453,,,63.89509124621699,68.42128518463566
1983-11-30,161.18619514534976,12.41,,40.66507252186662,,,,40.66507252186662,84.08634138023855,39.40680168315161,,77.18801261669984,,,66.89371856003,66.52932163159092
1983-12-31,158.35688774427246,12.57,,43.77467650716708,,,,43.77467650716708,81.59025486367963,42.34250623676123,,92.14707202866538,,,72.02661104303542,67.60514028309412
1984-01-31,154.54741578110472,12.2,,45.99653180947521,,,,45.99653180947521,78.39815947632421,35.97742891537582,,94.5966586357832,,,69.65741567582774,69.52591509296438
1984-02-29,146.86360591087862,12.08,,43.94745022786925,,,,43.94745022786925,71.99337586588067,34.14585998968257,,86.18116685586256,,,64.10680090380859,68.59694254089057
1984-03-31,147.23879944525672,12.57,,43.60027128619977,,,,43.60027128619977,71.95386818729035,42.94216840361597,,82.31810712927292,,,65.73804790672642,66.50075482878758
1984-04-30,146.58739176197687,12.81,,42.54319616321971,,,,42.54319616321971,71.06288736836517,47.48880511106227,,74.6029871129324,,,64.38489319745327,64.74324733599609
1984-05-31,137.9072465570444,13.28,,42.12818462265416,,,,42.12818462265416,62.759376590529726,56.419369089607706,,70.31453601372696,,,63.16442723128812,64.42912277848926
1984-06-30,141.17041275002094,13.55,,42.7230972843014,,,,42.7230972843014,65.77606127034657,61.35919670898197,,72.80896325156895,,,66.6480737436325,64.73246472412463
1984-07-31,136.9909702974497,13.44,,43.13373392926569,,,,43.13373392926569,61.48235699249063,59.20869119258543,,73.84548054438707,,,64.8455095764877,64.8860035171361
1984-08-31,151.71686226000034,12.87,,43.70867438154209,,,,43.70867438154209,74.77033771807112,48.10542853691667,,75.72917250945103,,,66.20164625481293,65.89840985831103
1984-09-30,150.00998030938274,12.66,,42.50245474002524,,,,42.50245474002524,72.99697611113977,44.01473000750612,,65.79684184539826,,,60.93618265468138,63.994446161994
1984-10-31,149.09678556806458,12.63,,41.88881103821093,,,,41.88881103821093,71.89412619282939,43.48207932844049,,59.13316936005548,,,58.16979162710845,61.76920684553425
1984-11-30,146.5755044050602,12.29,,42.68484923687741,,,,42.68484923687741,69.37840918844373,37.021582720319905,,64.79935413167716,,,57.06644868014692,58.72414098731224
1984-12-31,149.6313823964963,12.13,,43.93247599724904,,,,43.93247599724904,71.83046816006102,34.21790525617257,,73.64420124793811,,,59.89752488805723,58.37792173177086
1985-01-31,164.8261388373725,12.08,,46.99398460005602,,,,46.99398460005602,82.34437005881865,32.76234623742471,,87.82008777129494,,,67.64226802251277,61.535413863572295
1985-02-28,167.20515978757828,12.13,,47.10231478402443,,,,47.10231478402443,82.95908828598189,33.790765398501165,,85.9212929098508,,,67.55704886477795,65.03228059178264
1985-03-31,165.43181902702165,12.56,,44.32931766303027,,,,44.32931766303027,81.31146653095087,42.297296923388195,,67.73637213778672,,,63.78171186404192,66.32700958377754
1985-04-30,165.50105808778352,12.23,,43.43536354704659,,,,43.43536354704659,80.76677141570181,35.72241892559704,,58.48583502958108,,,58.32500845695998,63.22125639525995
1985-05-31,172.91124963727282,11.72,,42.87051045217614,,,,42.87051045217614,84.59253113971691,26.220051003520695,,50.482565839521584,,,53.7650493275864,58.62392321619609
1985-06-30,175.58785924074996,10.94,,43.407772793550826,,,,43.407772793550826,85.25244222813771,15.294642830583062,,54.40510948128623,,,51.65073151333567,54.58026309929401
1985-07-31,176.75703213158525,10.97,,44.7163996695087,,,,44.7163996695087,84.97924856720886,15.69858787986238,,69.34619117965458,,,56.674675875575275,54.03015223883244
1985-08-31,174.64123593610907,11.05,,44.83617442195021,,,,44.83617442195021,82.90081783707457,16.986321942014346,,69.26187309658867,,,56.38300429189252,54.902803893601146
1985-09-30,166.39377569769275,11.07,,44.4966666106524,,,,44.4966666106524,76.56733479754497,17.759916879904697,,63.57438745041845,,,52.633879709289374,55.23051995891905
1985-10-31,149.03667511809735,11.02,,43.69738592695104,,,,43.69738592695104,60.363222097923895,17.828729049323748,,49.7382220904374,,,42.64339107922834,50.5534250268034
1985-11-30,160.12734624746983,10.55,,44.08238012032541,,,,44.08238012032541,70.4866690673678,13.926445583283217,,54.166140530436344,,,46.19308506036245,47.156785282960044
1985-12-31,166.83335380372208,10.16,,47.46221639661088,,,,47.46221639661088,75.39453031805884,11.764973657560777,,90.34229093726613,,,59.16726497096191,49.33458037018422
1986-01-31,169.4074623549131,10.05,,48.43537780928859,,,,48.43537780928859,76.63848756104768,12.008420712578612,,92.23304173250901,,,60.29331666871177,55.217888900012035
1986-02-28,180.87711799254228,9.67,,46.99415013580243,,,,46.99415013580243,83.30769584663587,10.538871462483208,,81.68759291846325,,,58.511386742527435,59.32398946073369
1986-03-31,189.9423038705285,9.0,,45.36073007489731,,,,45.36073007489731,86.87598000190602,8.093352180148052,,63.80226526370754,,,52.92386581525386,57.24285640883102
1986-04-30,192.4533973539966,8.79,,44.65684465992303,,,,44.65684465992303,86.9291672221031,8.319835446153608,,53.545290032503054,,,49.59809756691992,53.67778337490039
1986-05-31,201.79232754097904,9.09,,44.54197881564357,,,,44.54197881564357,89.43442045239223,10.978749570452365,,50.60399955689554,,,50.339056526580045,50.953673302917935
1986-06-30,203.74626638939063,9.13,,45.63211212744751,,,,45.63211212744751,88.98850474817664,12.315450269833413,,64.28438921254784,,,55.196114743519296,51.71108961233974
1986-07-31,187.25117093342087,8.88,,47.56471242369363,,,,47.56471242369363,80.60061309550933,11.81145307249018,,82.36383676987703,,,58.25863431262551,54.59793519424161
1986-08-31,196.5485054732925,8.72,,46.85151866748176,,,,46.85151866748176,84.47885253433785,11.792356959539525,,74.10616366300896,,,56.79245771896211,56.74906892503563
1986-09-30,179.5026239371812,8.89,,46.15843105987228,,,,46.15843105987228,74.00245921849759,13.54482172126286,,64.73670148337672,,,50.76132747437906,55.270806501988886
1986-10-31,187.29680522645404,8.86,,45.62517786078793,,,,45.62517786078793,78.39393970627752,14.008010121430004,,55.82799093840498,,,49.40998025537083,52.32125514957065
1986-11-30,189.57826354513327,8.68,,46.07376695412999,,,,46.07376695412999,79.02841688445197,13.73009377731376,,60.99936163408708,,,51.2526240986176,50.47464394278916
1986-12-31,183.4077571775817,8.49,,48.46071630529483,,,,48.46071630529483,74.40346216953644,13.42478488708557,,85.49066699352821,,,57.77297135005007,52.81185856801283
1987-01-31,208.94251848839812,8.36,,49.56221141595424,,,,49.56221141595424,87.31880512350197,13.285540200935838,,89.62233675143291,,,63.40889402529024,57.47816315798596
1987-02-28,223.317504096132,8.38,,48.800352742099605,,,,48.800352742099605,91.20580738896889,14.016927318006026,,83.38620428833862,,,62.86964633177118,61.35050390237049
1987-03-31,227.50807624738013,8.36,,47.88568796587529,,,,47.88568796587529,91.49086827927468,14.629740964825771,,73.84962288658247,,,59.990077376894305,62.089539244651895
1987-04-30,223.648784993348,8.85,,46.94158707178831,,,,46.94158707178831,89.53344767355632,19.117653941818194,,61.873783047252864,,,56.84162822087579,59.90045064318041
1987-05-31,225.026232014724,9.33,,46.745456880267234,,,,46.745456880267234,89.24840377206165,24.33492489426204,,57.73119234708233,,,57.104840337802,57.97884864519069
1987-06-30,230.91038034735288,9.32,,48.16142483153099,,,,48.16142483153099,90.38917564212606,24.66324288213142,,74.21497378464133,,,63.08913076963293,59.011866442770234
1987-07-31,239.34523225461464,9.42,,49.59332097633953,,,,49.59332097633953,91.99561728677857,26.233811660900376,,84.73328596587105,,,67.65423830451667,62.61606980398386
1987-08-31,250.55756528999515,9.67,,50.11585472703547,,,,50.11585472703547,93.56503310579552,29.89043914801754,,85.66714688005347,,,69.70753971128885,66.81696959514613
1987-09-30,244.85056607806143,10.18,,48.29726491091965,,,,48.29726491091965,91.49197777034682,37.519445604199156,,67.50234284007722,,,65.50458873820773,67.62212225133773
1987-10-31,183.4628126214965,10.52,,47.70402830025911,,,,47.70402830025911,57.75755395755052,43.05961536985631,,58.235147233037196,,,53.01743885348134,62.74318910099263
1987-11-30,169.72138590614625,10.01,,48.220203321292416,,,,48.220203321292416,45.57379383123937,35.790318052827246,,64.19584167360354,,,48.519984519223385,55.680670703637475
1987-12-31,185.3551826499413,10.11,,50.21124021037136,,,,50.21124021037136,58.370840625733024,37.67681139970521,,84.41428613159133,,,60.15397938567652,53.89713425279374
1988-01-31,192.0297861328911,9.88,,52.964987506457305,,,,52.964987506457305,63.368959893691134,34.786472302053284,,93.64059068057018,,,63.932007625438196,57.53532384344603
1988-02-29,203.66388570051456,9.4,,52.422982827687576,,,,52.422982827687576,71.69759980054044,28.85282301216926,,88.80505143198303,,,63.11849141489757,62.40149280867075
1988-03-31,202.80160239228164,9.39,,50.92014314637622,,,,50.92014314637622,70.45578157713555,29.30210929704161,,78.13885913858218,,,59.29891667091978,62.11647190375184
1988-04-30,205.22982151440195,9.67,,49.3780226451901,,,,49.3780226451901,71.6261686682822,33.54285775793432,,62.65583489448644,,,55.94162044023432,59.453009508683884
1988-05-31,202.89479170662267,9.9,,48.86634670788752,,,,48.86634670788752,69.38713845438042,37.22288157201763,,55.10672023445018,,,53.905580086949406,56.38203906603449
1988-06-30,215.7603077369224,9.86,,50.49450461556704,,,,50.49450461556704,77.40987114397112,37.08315760244614,,72.30963733881819,,,62.267555361745146,57.37158529630961
1988-07-31,211.532938869568,9.96,,52.251163316187984,,,,52.251163316187984,74.06940642028401,39.046447839165566,,84.23402060351712,,,65.78329162098889,60.652142356561136
1988-08-31,203.3278889485109,10.11,,53.56137661838032,,,,53.56137661838032,67.71704752692374,41.849464659257016,,88.27665792152686,,,65.94772336923586,64.6661901173233
1988-09-30,211.0651345579092,9.82,,50.69261145140279,,,,50.69261145140279,72.6460387897065,37.960863739772066,,65.56144238896663,,,58.722781639481724,63.48459887656882
1988-10-31,210.73148954325765,9.51,,50.08526769194753,,,,50.08526769194753,71.78151244313217,33.949733579488765,,57.17728555925314,,,54.30284386062469,59.65778295644742
1988-11-30,205.3108454940601,9.45,,50.436096445298126,,,,50.436096445298126,67.30898907864244,33.66098847620762,,59.9366747849166,,,53.63555077992221,55.5537254266762
1988-12-31,210.8989678068833,9.57,,52.68834793538592,,,,52.68834793538592,70.77890118203959,36.009671902188536,,81.3786319855641,,,62.722401689930734,56.8869321101592
1989-01-31,223.38187602125893,9.62,,53.19951116062249,,,,53.19951116062249,78.06841541561434,37.3257922478572,,82.75953650921913,,,66.05124805756355,60.80306684247216
1989-02-28,219.7645491427147,9.64,,53.75960050959473,,,,53.75960050959473,75.20954815291472,38.177127770947486,,83.84149921769813,,,65.74272504718678,64.83879159822702
1989-03-31,223.56234739550325,9.8,,53.43595425787557,,,,53.43595425787557,76.89070945982265,41.354703586604,,79.6598589613808,,,65.96842400260249,65.92079903578427
1989-04-30,236.3963661136814,9.79,,50.837281331349786,,,,50.837281331349786,83.05278910404806,41.82872403004494,,52.572587659503945,,,59.15136693119898,63.62083866032941
1989-05-31,247.4690149326556,9.57,,50.58136753179915,,,,50.58136753179915,87.01827496780191,38.72512039010004,,47.258041840216656,,,57.6671457327062,60.92897888883588
1989-06-30,241.60614822922125,9.1,,51.70972356499029,,,,51.70972356499029,83.87080471760683,31.27539689363685,,60.65234697672993,,,58.5995161959912,58.47267628663212
1989-07-31,256.4204846635435,8.93,,53.38180029029699,,,,53.38180029029699,88.9147718881008,28.764258180222008,,77.69370792423376,,,65.12424599751886,60.46363597540542
1989-08-31,263.41396635273446,8.96,,53.86838198276618,,,,53.86838198276618,90.077260540282,29.64391370552298,,79.80609235007952,,,66.50908886529483,63.41095035293495
1989-09-30,264.75000566638306,9.01,,52.215748543654215,,,,52.215748543654215,89.52824244118538,30.94703624620449,,60.936109907909334,,,60.470462865099734,64.0345992426378
1989-10-31,257.5286069664993,8.92,,51.43864747667072,,,,51.43864747667072,86.27363980313771,29.61445754910314,,48.0195590533903,,,54.63588546854371,60.53847906631275
1989-11-30,259.80377013358446,8.89,,52.39409709778657,,,,52.39409709778657,86.38677941670646,29.435649320686068,,60.9319734933527,,,58.918134076915074,58.0081608035195
1989-12-31,261.5234173737545,8.86,,57.44864690806655,,,,57.44864690806655,86.27210351424014,29.2375095849511,,94.98922157867084,,,70.16627822595402,61.240099257137594
1990-01-31,240.0651778489579,8.99,,54.51506225813921,,,,54.51506225813921,75.06767693389637,32.413214181401706,,78.0543231299686,,,61.84507141508888,63.64316123931932
1990-02-28,244.67114797218423,9.22,,53.135558646416825,,,,53.135558646416825,77.07941231103135,38.439650151198,,62.789035505230174,,,59.43603265581984,63.815794098954235
1990-03-31,250.5302627168849,9.37,,54.57028256757127,,,,54.57028256757127,79.56801029127317,43.234256709013955,,76.28932742696273,,,66.36386480908328,62.548322959997314
1990-04-30,242.57206200363055,9.46,,53.84191371049826,,,,53.84191371049826,74.35649442877263,47.05565265160857,,67.4679882152281,,,62.96004509853643,62.91998085447984
1990-05-31,268.2299472161015,9.47,,54.07059942656402,,,,54.07059942656402,86.19445018866755,48.52968996438736,,68.89346828835868,,,67.87253614713785,65.73214868491918
1990-06-30,268.6395049366281,9.26,,53.9929648365077,,,,53.9929648365077,85.40816058576374,41.71801271940338,,66.4760133806991,,,64.53406222862208,65.1222144914321
1990-07-31,258.77557578086845,9.24,,55.88599263146981,,,,55.88599263146981,80.21255131013424,41.68951521277416,,83.4290655032676,,,68.443710675392,66.95010301705064
1990-08-31,228.6280676046025,9.41,,57.434468839477496,,,,57.434468839477496,60.20157720185155,49.31466875511562,,89.4172708895625,,,66.31117228217656,66.42964839539687
1990-09-30,211.46417908203816,9.56,,57.5281706636117,,,,57.5281706636117,45.779540420863555,57.00866477770641,,87.28152854526292,,,63.35657791461096,66.03715362405983
1990-10-31,206.53731256139213,9.53,,53.89648656961045,,,,53.89648656961045,40.61051956062428,57.31391326390597,,53.763844307034326,,,50.562759043854854,60.07683641354745
1990-11-30,223.67568404386512,9.3,,52.67718970097955,,,,52.67718970097955,54.527345364120016,47.20654970880652,,36.995711621713276,,,46.243202231546604,53.38751306333746
1990-12-31,231.33571803746236,9.05,,53.53973423983646,,,,53.53973423983646,60.57186853012687,35.69329662152719,,47.569547077401104,,,47.94490407635172,48.25028845058438
1991-01-31,252.8709806418753,9.04,,54.528001800027575,,,,54.528001800027575,76.71520606673731,35.80477519710956,,59.783479234074896,,,57.43448683264058,50.54086438017962
1991-02-28,272.75029257334535,8.83,,52.8198569006523,,,,52.8198569006523,86.52898213248918,27.126827439827455,,38.13185485457749,,,50.59588814229804,51.99175968376344
1991-03-31,285.4166401407429,8.93,,52.036387125594,,,,52.036387125594,90.04044457580986,31.497391895882092,,29.907740402939776,,,50.48185895821057,52.83741131104972
1991-04-30,285.5895791989184,8.86,,51.61393070629372,,,,51.61393070629372,89.02122188290194,28.36104800521283,,24.742666173680536,,,47.374978687265106,49.4842419292579
1991-05-31,298.6578526673018,8.86,,51.49570719708521,,,,51.49570719708521,91.5502087659015,28.625941334758444,,22.568475699009376,,,47.58154193322311,48.47945985956625
1991-06-30,279.82494744772674,9.01,,51.65205290151999,,,,51.65205290151999,84.2642604513591,35.46664783788677,,24.152924563503163,,,47.96127761758301,47.639266079357064
1991-07-31,295.2534908918864,9.0,,52.67396950211448,,,,52.67396950211448,88.86764954168828,34.85835901994021,,36.193845964192214,,,53.30661817527356,49.61647924202655
1991-08-31,306.752065687026,8.75,,52.4619341985161,,,,52.4619341985161,90.87952553996695,24.150062148474564,,34.43223339754455,,,49.82060702866201,50.36283427383952
1991-09-30,304.8265392377068,8.61,,52.1211851859506,,,,52.1211851859506,89.44616436565572,19.641254562834646,,30.501370608398442,,,46.529596512296266,49.88560723874394
1991-10-31,310.9192357935842,8.55,,51.690151739362015,,,,51.690151739362015,90.04221955100363,18.217228850520826,,25.591409443490694,,,44.61695261500505,46.98905205198776
1991-11-30,299.7293615517313,8.48,,52.53502897812314,,,,52.53502897812314,85.76205847446647,16.51318670028104,,35.073434608456196,,,45.7828932610679,45.64314746278973
1991-12-31,338.1191607456058,8.31,,52.112919142920816,,,,52.112919142920816,93.79357351720846,12.632686501070122,,31.166287119837328,,,45.86418237937197,45.42134275181496
1992-01-31,344.82597722842735,8.2,,52.88540690231142,,,,52.88540690231142,93.56380836443431,10.681026302864986,,42.63174543469967,,,48.958860033999656,46.86864522481316
1992-02-29,350.8868149313089,8.29,,52.54969854914601,,,,52.54969854914601,93.19524613718968,12.633030415489305,,38.220161967451084,,,48.01614617337669,47.61306286224942
1992-03-31,335.54556481830934,8.35,,51.74256216171426,,,,51.74256216171426,89.18926563090388,13.997356315562204,,29.239185613724366,,,44.14193585339682,47.03898068692438
1992-04-30,329.27821640506687,8.33,,51.533943547583256,,,,51.533943547583256,86.59283577302125,14.224939307193349,,28.21548552754667,,,43.01108686925375,45.05638963200908
1992-05-31,332.9074396037136,8.28,,50.98682983363107,,,,50.98682983363107,86.47422828873539,14.114762110297574,,24.08097830969653,,,41.55665623624316,42.90322631963124
1992-06-30,322.2683560795934,8.22,,52.01188344130751,,,,52.01188344130751,82.50175697196231,13.847143158288908,,37.23806105532637,,,44.52898706185919,43.03224338911869
1992-07-31,333.3011479991221,8.07,,54.90311447458279,,,,54.90311447458279,84.75947468007978,12.051491153669572,,76.47455230101335,,,57.76183937825423,47.94916089211885
1992-08-31,323.32060441797245,7.95,,54.61018419500625,,,,54.61018419500625,80.9669908788461,11.145650281579515,,77.88315174120841,,,56.66526430054468,52.985363580219364
1992-09-30,332.59335051286695,7.92,,53.44033114388896,,,,53.44033114388896,82.90155203789185,11.534172750660348,,68.6842981577412,,,54.3733409820978,56.26681488696556
1992-10-31,341.9731763038778,7.99,,52.445425278433625,,,,52.445425278433625,84.66065347802427,13.242254149761306,,47.59228426179773,,,48.49839729652777,53.17900085972341
1992-11-30,361.7678160098429,8.1,,52.56454763320702,,,,52.56454763320702,88.44559955861251,16.3061161171388,,50.602637319718845,,,51.78478433182338,51.55217420348297
1992-12-31,370.6949273382872,7.98,,54.94738651911852,,,,54.94738651911852,89.23821384358578,14.490694995809882,,89.01576994801282,,,64.24822626246949,54.84380263027354
1993-01-31,378.5819600676975,7.91,,55.56087448326056,,,,55.56087448326056,89.66843083618899,13.995188280811377,,91.69265912533497,,,65.11875941411176,60.38392333613486
1993-02-28,369.0500725115196,7.71,,54.98228123570616,,,,54.98228123570616,86.83565807359001,11.59353771960523,,84.85085313300199,,,61.093349642065746,63.48677843954899
1993-03-31,377.8503710718071,7.58,,53.85485986579378,,,,53.85485986579378,87.6738082006939,10.781596172948623,,68.89948193664452,,,55.78496210342901,60.665690386535495
1993-04-30,362.9603393877822,7.46,,51.17227678594208,,,,51.17227678594208,83.44288979052784,10.229641342048208,,22.988919558698008,,,38.88715023042468,51.9218206586398
1993-05-31,382.0698187085745,7.43,,49.15269311190701,,,,49.15269311190701,86.88607728136267,10.803278243896676,,8.760304893598292,,,35.48322013961921,43.38511082449096
1993-06-30,382.3009147853648,7.33,,50.98380145370542,,,,50.98380145370542,85.97045006777812,10.470165024132497,,25.096144178429608,,,40.512253090113404,38.29420782005243
1993-07-31,377.9271999420344,7.17,,53.3029443236069,,,,53.3029443236069,84.1080979389779,9.477765057951256,,59.81615977729876,,,51.1340075914093,42.3764936070473
1993-08-31,396.0033858119386,6.85,,53.54991522480492,,,,53.54991522480492,87.07694053737492,7.217678160206701,,62.844383325857414,,,52.379667341146344,48.008642674223005
1993-09-30,401.6659688236008,6.66,,51.51552618590589,,,,51.51552618590589,87.2163512576024,6.765594097692674,,31.80652918040815,,,41.92949151190107,48.481055481485555
1993-10-31,410.0479768630259,6.67,,49.75148518564001,,,,49.75148518564001,87.80447260838822,8.021943532163018,,15.114003733804479,,,36.98013995811857,43.76309960372199
1993-11-30,401.9396441944523,6.93,,50.509178494390966,,,,50.509178494390966,85.40381771184992,11.833501484101273,,23.478859717173794,,,40.23872630437499,39.716119258131535
1993-12-31,411.2437889616455,6.93,,52.82076283401077,,,,52.82076283401077,86.38854863380874,12.83342790011992,,53.57704046300351,,,50.93300566564406,42.717290642712534
1994-01-31,425.0829044674478,6.92,,55.7249444102677,,,,55.7249444102677,87.91489044176302,13.649783547997338,,83.89835922768715,,,61.821011072482506,50.997581014167174
1994-02-28,418.69006582953216,7.08,,54.86300062829204,,,,54.86300062829204,85.85402361953635,16.844933295136254,,74.98643310897856,,,59.22846334121705,57.327493359781194
1994-03-31,393.9126712643503,7.48,,53.69111051644086,,,,53.69111051644086,79.46807550854626,24.994554334049834,,60.72570059921026,,,55.06277681393545,58.70408374254499
1994-04-30,390.6282192228971,7.88,,52.38997891572589,,,,52.38997891572589,77.84597893451664,35.35823147298387,,43.134454091644955,,,52.112888166381815,55.468042773844765
1994-05-31,394.15507551397377,7.99,,53.96331772814069,,,,53.96331772814069,78.06352111655876,39.00702993733429,,62.47631806509779,,,59.84895637299695,55.67487378443806
1994-06-30,379.2058982126656,7.97,,57.508592744496845,,,,57.508592744496845,72.9728132510108,38.915985290268324,,89.01396679692898,,,66.96758844606936,59.6431443284827
1994-07-31,389.4753856362889,8.11,,58.80645987611044,,,,58.80645987611044,75.44251989719301,43.44522221731957,,91.17263114924991,,,70.02012442125417,65.61222308010682
1994-08-31,411.469698627825,8.07,,58.21482176611325,,,,58.21482176611325,80.62326954494982,42.65386248344177,,86.5273261329226,,,69.93481938710472,68.97417741814274
1994-09-30,406.2949752525832,8.34,,57.87500109689025,,,,57.87500109689025,78.50166681710787,51.28933548772019,,82.58473756355772,,,70.79191328946193,70.24895236594027
1994-10-31,417.3720719192545,8.57,,57.70368238346924,,,,57.70368238346924,80.52345610665664,58.568524238699815,,79.51781507860757,,,72.869931807988,71.19888816151821
1994-11-30,403.9488194949941,8.68,,60.11381143174975,,,,60.11381143174975,76.24081247489423,61.99096610377435,,87.44539372487135,,,75.22572410117998,72.96252306620995
1994-12-31,405.7573179507114,8.46,,62.966494047967466,,,,62.966494047967466,76.04385002985018,55.553149292525596,,91.63841469407718,,,74.41180467215099,74.1691535271063
1995-01-31,409.9866531641174,8.46,,64.64454442505748,,,,64.64454442505748,76.58830598629564,55.864006119637246,,91.58154293910512,,,74.67795168167933,74.77182681833676
1995-02-28,430.724549202834,8.26,,62.98822776900888,,,,62.98822776900888,81.2469172586312,50.074698426665975,,85.2787170712848,,,72.20011091886066,73.76328909089698
1995-03-31,443.6812965713337,8.12,,62.33070188160858,,,,62.33070188160858,83.37600274969547,46.20067189680933,,81.05402018003872,,,70.21023160884783,72.36276473646261
1995-04-30,459.75452414012153,8.03,,60.939021473501946,,,,60.939021473501946,85.78954419931672,43.93557923910338,,74.19992811545977,,,67.97501718462661,70.12845323744502
1995-05-31,474.8085979597059,7.65,,60.172223758300845,,,,60.172223758300845,87.4413858281294,32.64967504709635,,69.43844180386155,,,63.1765008930291,67.1205832288345
1995-06-30,506.72765036034633,7.3,,62.45406647689132,,,,62.45406647689132,90.82705841728972,23.801691640302366,,77.42410045270248,,,64.01761683676486,65.05637830480684
1995-07-31,534.650750918547,7.41,,64.90002680848828,,,,64.90002680848828,92.64845913108527,27.246124003929438,,83.25803431938311,,,67.71753915146594,64.9705522937533
1995-08-31,540.7705420375663,7.57,,65.78466041416469,,,,65.78466041416469,92.28782789662037,32.40140258372417,,83.34873495044286,,,69.34598847692914,67.02704815505331
1995-09-30,554.5761518923447,7.32,,62.441100133258345,,,,62.441100133258345,92.72758230305101,25.590525099206996,,69.93704305773115,,,62.75171681999638,66.60508148279715
1995-10-31,556.1395177915016,7.12,,61.26721137935402,,,,61.26721137935402,92.13253634256328,20.83144359089609,,62.99789267672078,,,58.653957536726715,63.58388761121739
1995-11-30,566.4173327598246,7.02,,63.64845223399762,,,,63.64845223399762,92.24321059151222,19.012353095670687,,73.5928402320463,,,61.616134639743066,61.00726966548871
1995-12-31,562.9952635300332,6.82,,65.12820058893928,,,,65.12820058893928,91.08612303977013,15.527424845105555,,78.55725985241769,,,61.723602579097786,60.66456491852252
1996-01-31,574.9399472996212,6.81,,64.738047270808,,,,64.738047270808,91.32988924297686,16.061480794473162,,75.08462412876328,,,60.825331388737766,61.38835620252619
1996-02-29,593.4754095854314,6.99,,63.49929806649143,,,,63.49929806649143,91.97707637582624,20.812024341868256,,67.29908558767836,,,60.029395435124286,60.85944313431994
1996-03-31,591.4411234879749,7.35,,62.62079778936376,,,,62.62079778936376,90.72455375045641,31.818974507816154,,60.48738505548511,,,61.01030443791922,60.621677087260416
1996-04-30,628.803047583825,7.5,,61.72549035431115,,,,61.72549035431115,92.75518521295307,37.64866615186524,,51.74623641282392,,,60.71669592588074,60.58546526630807
1996-05-31,651.478709980061,7.62,,62.2547794805925,,,,62.2547794805925,93.16249576619174,42.828140369111026,,53.91145294615498,,,63.300696360485915,61.675898908095284
1996-06-30,635.5267729312183,7.71,,59.458048841624965,,,,59.458048841624965,90.91916592879177,47.20089181524138,,25.989780496032783,,,54.70327941335531,59.57355723324065
1996-07-31,593.1293484014221,7.65,,58.51102597579008,,,,58.51102597579008,85.53233507522879,45.47661424201984,,19.321850724269186,,,50.11026668050594,56.03808081811571
1996-08-31,617.1523758450106,7.46,,59.0319167892011,,,,59.0319167892011,87.38669439524601,38.09109503161623,,22.23628819129583,,,49.238025872719355,51.350523988860196
1996-09-30,666.4346598745315,7.66,,57.17509835471154,,,,57.17509835471154,90.90625675636625,47.4049198999902,,12.093542202242947,,,50.1349062861998,49.82773294647502
1996-10-31,674.720358090183,7.39,,56.86639412764338,,,,56.86639412764338,90.46899607435904,36.140882676995155,,11.518697459024633,,,46.04285873679294,48.47193029857069
1996-11-30,728.1580652996745,7.1,,59.999137774036704,,,,59.999137774036704,92.95008481720407,25.503728663901903,,31.702780685521198,,,50.05219805554239,48.743321026178364
1996-12-31,719.4274654708582,7.2,,61.728030252023935,,,,61.728030252023935,91.23492438918106,29.81814628796101,,48.80197118545034,,,56.6183472875308,50.904468026622034
1997-01-31,779.913374859826,7.42,,64.57515828001722,,,,64.57515828001722,93.45375732553646,39.60199665058809,,75.22257801461758,,,69.42611066358072,58.698885335551296
1997-02-28,746.1531946197207,7.31,,62.8440083253804,,,,62.8440083253804,90.34051273568944,35.31908790602342,,60.101993090109794,,,61.920531243940886,62.6549963983508
1997-03-31,702.9085331343975,7.55,,61.523703624382414,,,,61.523703624382414,85.86000380560874,46.91527289946829,,47.153944206819354,,,59.97640697063213,63.77434962605124
1997-04-30,746.2920662883216,7.73,,60.82657130020366,,,,60.82657130020366,88.47971244823447,56.19808804222638,,40.23613736704468,,,61.637979285835165,61.17830583346938
1997-05-31,813.036765468711,7.58,,61.147587209715816,,,,61.147587209715816,91.62381166439914,49.398959523913085,,42.950487691491716,,,61.32441962660131,60.97960196102286
1997-06-30,831.9558412029311,7.41,,62.75246333335424,,,,62.75246333335424,91.51056345277098,41.53338776864544,,59.11737235797451,,,64.05377452646364,62.33872447963336
1997-07-31,926.6427535064614,7.14,,63.79930315328121,,,,63.79930315328121,94.29716947998752,29.726367208273473,,69.70735715204964,,,64.57696461343687,63.3183862555006
1997-08-31,899.7729742054998,7.22,,62.196632916700594,,,,62.196632916700594,92.10578081333757,33.763107073992224,,55.99960530793492,,,60.622831065088235,63.08452340166291
1997-09-30,940.6756572044224,7.15,,60.35842444796939,,,,60.35842444796939,92.65214032775233,31.21884072679623,,36.845108013774464,,,53.572029689441,59.59060845598869
1997-10-31,889.7815949562695,7.0,,59.69766040244223,,,,59.69766040244223,89.14233063697084,25.747442868010424,,31.163273478595837,,,48.68434899452569,54.293069916351634
1997-11-30,912.0354823415224,6.87,,59.476235342180765,,,,59.476235342180765,89.25798511520291,21.778143444107346,,30.629222158773516,,,47.22178357269459,49.82605408555375
1997-12-31,892.9737936123911,6.76,,59.92618365810808,,,,59.92618365810808,87.11494269109996,19.06820400267358,,36.436123210839455,,,47.539756634871,47.815296400697086
1998-01-31,929.1284476513086,6.61,,59.68441042806512,,,,59.68441042806512,88.161853073182,15.813313056312317,,35.26447765475915,,,46.41321459475115,47.058251600772245
1998-02-28,1015.9459893157742,6.67,,58.53925310498252,,,,58.53925310498252,91.1536731339428,18.339478049851614,,25.19947476885261,,,44.89754198421567,46.28350440461261
1998-03-31,1052.3371818086243,6.72,,59.35842959346164,,,,59.35842959346164,91.4177988505418,20.616184550143917,,35.106284497467335,,,49.046755966051016,46.78583751500594
1998-04-30,1069.9283579840396,6.69,,58.642073242980224,,,,58.642073242980224,90.9552623134307,20.443023726169983,,28.80363502304405,,,46.73397368754824,46.89275721260497
1998-05-31,1029.1858231929302,6.69,,58.6485112864456,,,,58.6485112864456,88.11321663527984,21.1545623175547,,30.38834411016354,,,46.552041020999354,47.44425689153286
1998-06-30,1107.5577874599394,6.53,,59.72901489292398,,,,59.72901489292398,90.36899831818607,17.4585542131131,,42.87609950970528,,,50.23455068033481,47.84018846296079
1998-07-31,1110.6293933182508,6.55,,61.473812617286704,,,,61.473812617286704,89.39814725439682,18.65888495180426,,63.27867119923113,,,57.111901135144066,51.299497612159406
1998-08-31,917.6380140891674,6.52,,61.07937128381084,,,,61.07937128381084,77.34440193357389,18.276816670421052,,57.446656243568285,,,51.02262494918774,52.78969225488887
1998-09-30,1034.3931333057403,6.4,,60.54646902671581,,,,60.54646902671581,84.22477605938339,15.687167126492627,,48.658945058866976,,,49.52362941491433,52.5527184997487
1998-10-31,1090.1056552912853,6.37,,59.30607355101901,,,,59.30607355101901,86.20492886693972,15.405450587906374,,29.23761450306335,,,43.61599798596981,48.054084116690625
1998-11-30,1191.2312942615215,6.41,,59.05377498624663,,,,59.05377498624663,89.51286693233043,16.91623785709719,,26.965597997268336,,,44.46490092889865,45.86817610992759
1998-12-31,1340.7530809289622,6.22,,60.058550107017936,,,,60.058550107017936,92.89852227882483,13.66308923731991,,41.336726503138564,,,49.299446006427765,45.793448307098735
1999-01-31,1504.0654013495634,6.24,,62.12146505786004,,,,62.12146505786004,94.94532163806461,14.786987734510307,,74.84149634064033,,,61.524601904405074,51.762982946577154
1999-02-28,1388.8256002306898,6.4,,59.94896862389978,,,,59.94896862389978,91.30621133742747,18.976257053545297,,41.654962995539684,,,50.645810462170815,53.82328612433454
1999-03-31,1143.1435498184271,6.62,,60.07806593805591,,,,60.07806593805591,80.64604448046629,25.5052040921689,,44.96479386875462,,,50.37201414712993,54.18080883790193
1999-04-30,1173.5131861168927,6.64,,59.41755620666859,,,,59.41755620666859,81.44687417113855,26.76703937464317,,34.48616104980195,,,47.56669153186121,49.52817204705398
1999-05-31,1144.119311204305,6.93,,59.44232576401972,,,,59.44232576401972,79.08508727510701,37.02778987312987,,36.06971197770007,,,50.72752970864564,49.55541179587892
1999-06-30,1240.4556387563175,7.23,,60.40773942892769,,,,60.40773942892769,83.28686758120979,48.98740701703753,,55.62480643611042,,,62.63302701145257,53.64241608398646
1999-07-31,1217.3751173564262,7.19,,64.27259975403263,,,,64.27259975403263,81.35699705704901,47.97643884719866,,95.84273288929559,,,75.05872293118108,62.806426550426416
1999-08-31,1259.8827934751032,7.4,,63.95896208648588,,,,63.95896208648588,82.66365416835691,56.960401353065585,,92.66872812010367,,,77.43092788050872,71.70755927438078
1999-09-30,1255.3053983485872,7.39,,63.0949394951924,,,,63.0949394951924,81.65388831046744,57.4006940312656,,85.07533794222707,,,74.7099734279867,75.73320807989215
1999-10-31,1359.2606754298597,7.55,,62.01220898705616,,,,62.01220898705616,85.52471509204518,65.10178296917572,,72.69817968102153,,,74.44155924741415,75.52748685196984
1999-11-30,1497.0709066214472,7.36,,62.07246151918401,,,,62.07246151918401,89.42793967096566,58.620380616764066,,71.86925208331682,,,73.30585745701552,74.1524633774721
1999-12-31,1796.940318349792,7.55,,64.61702199159525,,,,64.61702199159525,94.70130473004087,68.32106419571136,,89.30970602552468,,,84.11069165042564,77.2860361182851
2000-01-31,1729.9982676883187,7.78,,67.05419923379084,,,,67.05419923379084,92.45757571071398,78.58634187836884,,93.73777416786785,,,88.26056391898356,81.89237100880824
2000-02-29,1999.7552161348544,7.68,,65.69164552697328,,,,65.69164552697328,95.37935651573095,76.03935086570412,,86.45663075426934,,,85.95844604523481,86.10990053821466
2000-03-31,2039.201832520584,7.68,,63.77358235135864,,,,63.77358235135864,94.6953194073956,76.888718530559,,72.19991602817541,,,81.26131798871,85.16010931764278
2000-04-30,1776.7636121557323,7.64,,62.97529282467212,,,,62.97529282467212,88.87394180232933,76.04038291027092,,63.52865656814033,,,76.14766042691352,81.12247482028612
2000-05-31,1595.970739810116,7.99,,64.78988447894106,,,,64.78988447894106,82.50747407837979,86.85716685469279,,77.57337839521496,,,82.31267310942917,79.90721717501755
2000-06-30,1790.878913963386,7.67,,65.392520243871,,,,65.392520243871,87.62196632698665,76.13418545344618,,79.74641177697032,,,81.16752118580105,79.8759515740479
2000-07-31,1719.557359616618,7.65,,66.15169859211353,,,,66.15169859211353,84.62278330571012,75.01980650022004,,82.16827049845834,,,80.60362010146284,81.36127146556434
2000-08-31,1913.6592547824048,7.55,,67.53902696791842,,,,67.53902696791842,88.87242051219974,70.79302158717984,,86.24438386831937,,,81.96994198923298,81.24702775883227
2000-09-30,1697.532083959184,7.62,,66.94702768580366,,,,66.94702768580366,81.71484978223663,73.45305844602362,,81.13698013213033,,,78.76829612013019,80.44728607027533
2000-10-31,1583.340903405814,7.55,,65.22419131496633,,,,65.22419131496633,76.54011535129536,69.99880983685459,,68.2492879392844,,,71.59607104247812,77.44476971728041
2000-11-30,1262.1423216483215,7.45,,65.86449643998638,,,,65.86449643998638,59.490115411901,64.96693749972859,,71.73575034072206,,,65.39760108411721,71.92065608224182
2000-12-31,1205.7350482494974,7.21,,68.9983078601719,,,,68.9983078601719,55.56416007124996,52.369689924788474,,87.02162204404348,,,64.98515734669397,67.32627649109644
2001-01-31,1319.6854009734302,7.15,,69.38767107996934,,,,69.38767107996934,61.822868888271074,48.866588899697035,,85.84675311156779,,,65.5120702998453,65.29827624355215
2001-02-28,1039.8578211230165,7.1,,66.966268677191,,,,66.966268677191,43.920560565722504,46.09411686809178,,71.074753573707,,,53.696477002507095,61.3979015496821
2001-03-31,897.7745848126981,6.98,,65.97225959073695,,,,65.97225959073695,34.777298469577225,40.11628806694179,,61.89726093052956,,,45.59694915568286,54.93516548601175
2001-04-30,1024.3117930680503,7.2,,63.87067968420612,,,,63.87067968420612,41.99703530822248,52.05377922881568,,40.1229507377039,,,44.72458842491402,48.00600486103465
2001-05-31,1012.1761385031584,7.29,,63.82328924829691,,,,63.82328924829691,40.71760381244142,57.20221149521558,,36.45568773328211,,,44.7918343469797,45.037790642525515
2001-06-30,1020.0485307914894,7.18,,64.61929921394723,,,,64.61929921394723,40.67219745188766,51.78495179036848,,42.47200744904458,,,44.97638556376691,44.830936111886864
2001-07-31,962.9389358956248,7.13,,64.81286741710767,,,,64.81286741710767,36.38712673332291,49.50948677043318,,44.604766823231365,,,43.50046010899581,44.42289333991413
2001-08-31,862.9152633021805,7.02,,65.36381053572511,,,,65.36381053572511,29.797466823712508,43.81602900949345,,50.92956864550112,,,41.51435482623569,43.330400166332794
2001-09-30,726.3560985327669,7.17,,62.90318102902742,,,,62.90318102902742,22.345524137040975,52.63055471781984,,22.59198445206878,,,32.52268776897653,39.17916756806934
2001-10-31,804.9291929374732,7.03,,61.47029623830523,,,,61.47029623830523,26.127193588482665,45.07478959423186,,12.801155753632939,,,28.001046312115818,34.01269630244267
2001-11-30,912.3360268110304,6.97,,61.57047723362401,,,,61.57047723362401,32.05060328725348,41.86702279568371,,13.910296112179482,,,29.275974065038888,29.933236048710402
2001-12-31,912.8234462965816,6.77,,63.2940216490455,,,,63.2940216490455,31.720421289670142,31.850115706073556,,28.432527799124497,,,30.667688264956062,29.31490288070358
2002-01-31,900.3679729845508,6.55,,65.68731096477906,,,,65.68731096477906,30.726524355194346,22.922235919954215,,56.890797883869546,,,36.84651938633937,32.263393905444765
2002-02-28,820.3317074558789,6.51,,64.87617609194008,,,,64.87617609194008,25.87484725930691,22.144108036370817,,47.28519747145729,,,31.768050922378336,33.094086191224584
2002-03-31,868.1814912532684,6.81,,65.3103221342698,,,,65.3103221342698,28.286852616147034,36.07141156036478,,51.90195599651496,,,38.753406724342256,35.78932567768664
2002-04-30,788.3561140186682,6.76,,64.6328295770937,,,,64.6328295770937,23.695175795040196,34.134713290919514,,42.392859853384884,,,33.40758297978153,34.64301354216736
2002-05-31,759.3243786179846,6.75,,64.50556455625691,,,,64.50556455625691,22.299757894330238,34.20203796301758,,40.96371859324391,,,32.48850481686391,34.88316484032922
2002-06-30,682.967875613422,6.63,,66.20330512452968,,,,66.20330512452968,18.977684640893322,28.969984503310787,,61.96281507232245,,,36.63682807217552,34.177638622940314
2002-07-31,624.5783932700404,6.53,,67.4589973965919,,,,67.4589973965919,17.0925911877217,25.158024415548308,,74.61966945101274,,,38.95676168476091,36.02736485793344
2002-08-31,619.0395964624086,6.37,,66.21335622338323,,,,66.21335622338323,17.413179895479775,19.833105549710236,,62.10942553935409,,,33.11857032818136,36.237386695039255
2002-09-30,549.7947997465559,6.15,,65.11793118176983,,,,65.11793118176983,15.503344437257802,14.224410205490855,,49.28487064102551,,,26.337541761258052,32.80429125806677
2002-10-31,625.4195348730932,6.32,,64.69032167693196,,,,64.69032167693196,18.912998234783622,20.05780985348654,,44.036252624332256,,,27.669020237534138,29.041710775657844
2002-11-30,688.4326395471304,6.31,,65.58947112187504,,,,65.58947112187504,22.062506940868047,20.386134167475966,,55.84843403163885,,,32.76569171332762,28.924084570706594
2002-12-31,623.8039913274222,6.21,,67.49982921196622,,,,67.49982921196622,19.697878003610235,17.90471099706345,,79.2715830034143,,,38.958057334695994,33.130923095185906
2003-01-31,616.0129607196304,6.17,,70.2726482223086,,,,70.2726482223086,19.899764323467487,17.327970129689476,,93.75357509337667,,,43.66043651551121,38.46139518784493
2003-02-28,621.5149978583995,5.95,,69.82630355561423,,,,69.82630355561423,20.732503681044243,12.763212334719091,,89.86796798271175,,,41.121227999491694,41.24657394989962
2003-03-31,625.5925901340726,5.89,,67.54279233509804,,,,67.54279233509804,21.520695281504718,12.47503535087233,,73.93949615924703,,,35.978408930541356,40.25335781518141
2003-04-30,679.6477642720481,5.74,,66.0290605190638,,,,66.0290605190638,24.45881020052595,10.732396753775788,,57.44904768783169,,,30.880084880711138,35.99324060358139
2003-05-31,731.2031101956964,5.22,,66.53661264512934,,,,66.53661264512934,27.328385450849158,5.6782226413567045,,61.97068467539232,,,31.65909758919939,32.83919713348396
2003-06-30,738.6472737951309,4.97,,67.26188300592526,,,,67.26188300592526,28.151160819423094,4.976836553869385,,68.3706688888086,,,33.83288875403369,32.12402374131473
2003-07-31,776.6263652460756,5.49,,70.91942431691359,,,,70.91942431691359,30.48398068643565,11.555601259224076,,89.22555996755366,,,43.75504730440446,36.415677882545836
2003-08-31,806.8300099574266,5.88,,71.68215153505486,,,,71.68215153505486,32.22572545052579,19.65650883393164,,88.93071543331521,,,46.93764990592421,41.50852865478745
2003-09-30,791.9791820921658,5.72,,69.87969296286465,,,,69.87969296286465,31.72894599595559,16.820615065862537,,78.44591687994749,,,42.33182598058853,44.34150773030572
2003-10-31,852.1306902918279,5.7,,70.81250273703694,,,,70.81250273703694,35.256308984795396,17.052407234037773,,82.29530676812611,,,44.868007662319755,44.712494516277495
2003-11-30,859.9032063465493,5.65,,72.10753878487579,,,,72.10753878487579,36.03059384496335,16.75352550044591,,86.86745773736656,,,46.5505256942586,44.58345311238895
2003-12-31,888.3058835388348,5.62,,75.81502225544166,,,,75.81502225544166,38.05382570686934,16.747146388815082,,93.73454242072697,,,49.511838172137125,46.97679050957182
2004-01-31,907.953497640396,5.54,,79.84408168468987,,,,79.84408168468987,39.68903529135164,15.90909321741442,,95.26866040512031,,,50.28892963796212,48.7837645014526
2004-02-29,900.2100241857845,5.5,,81.14688734269713,,,,81.14688734269713,39.677738508408744,15.955516148377754,,93.45912731461684,,,49.69746065713444,49.83274282241123
2004-03-31,883.3369541702072,5.33,,80.48439503622954,,,,80.48439503622954,38.958389971808494,14.115043667651067,,89.52436982809296,,,47.53260115585084,49.1729971503158
2004-04-30,859.2167346369188,5.73,,80.01148547736928,,,,80.01148547736928,37.88049197286513,22.198172320947375,,86.01197224702948,,,48.69687884694733,48.64231355331086
2004-05-31,887.3287821229386,6.04,,79.29921991680122,,,,79.29921991680122,39.77557919522328,30.2145364733232,,82.11315651802751,,,50.70109072885799,48.976856910552044
2004-06-30,912.6620359961388,6.01,,79.68279771338254,,,,79.68279771338254,41.58726320789455,30.00032020406436,,80.90358720599234,,,50.83039020598375,50.076119927263015
2004-07-31,852.7739417561492,5.82,,82.18294271194587,,,,82.18294271194587,38.43215871758271,25.894125341407744,,84.26562602259386,,,49.53063669386144,50.35403920956772
2004-08-31,838.4326876084178,5.65,,81.72933048929512,,,,81.72933048929512,38.00579013024401,22.775397647690873,,81.05479317475499,,,47.27866031756329,49.21322907246948
2004-09-30,859.8481635087365,5.46,,81.81164678710884,,,,81.81164678710884,39.624575599363716,19.715653979357,,79.32989840988117,,,46.22337599620062,47.67755766920845
2004-10-31,892.2023176162181,5.47,,82.39066697231843,,,,82.39066697231843,41.96260434346213,20.686034189339043,,79.02867786106657,,,47.22577213128925,46.90926948168438
2004-11-30,939.9951541920192,5.52,,83.64615529559266,,,,83.64615529559266,45.36458802290562,22.469279470223647,,80.31713496728649,,,49.38366748680525,47.61093853809837
2004-12-31,971.7974308912374,5.47,,86.65017644531929,,,,86.65017644531929,48.12554246222099,22.150852687018325,,84.54398164536005,,,51.606792264866456,49.405410627653644
2005-01-31,924.4314640640451,5.36,,88.43747447327023,,,,88.43747447327023,45.82090002410353,20.592522248217,,85.24511405883135,,,50.55284544371729,50.51443506512965
2005-02-28,925.7187051889972,5.2,,87.25750448176433,,,,87.25750448176433,46.88939321754657,18.305527754446366,,80.76886985330816,,,48.65459694176703,50.27141155011691
2005-03-31,906.0863660758686,5.4,,88.25660789616136,,,,88.25660789616136,46.551962128383515,22.911544655773795,,80.96559648997352,,,50.14303442471028,49.78349227006486
2005-04-30,874.7657111795459,5.33,,86.9159106236687,,,,86.9159106236687,45.013943369358614,22.064041103179203,,76.46476705722651,,,47.847583843254775,48.881738403244015
2005-05-31,932.8761837236058,5.15,,85.94933966161284,,,,85.94933966161284,50.706693956037,18.913207325495453,,72.57850999510649,,,47.39947042554631,48.46336289783711
2005-06-30,919.8576591164174,4.96,,90.57364300534864,,,,90.57364300534864,50.90672683728235,16.169976966667505,,83.2245969447235,,,50.100433582891114,48.44916261723072
2005-07-31,974.518017161136,5.06,,93.67927243999672,,,,93.67927243999672,57.712902127989054,18.597508698360482,,86.9757560294715,,,54.42872228527368,50.64287543123703
2005-08-31,961.063370069748,5.09,,95.13494790187951,,,,95.13494790187951,59.40331622908851,19.81265838957534,,87.15470242437337,,,55.45689234767907,53.32868273861461
2005-09-30,967.408749165853,5.13,,94.07561781493338,,,,94.07561781493338,63.32536781720199,21.182945969809055,,83.84006501670459,,,56.11612626790521,55.33391363361932
2005-10-31,952.6322904482096,5.35,,94.22052337446196,,,,94.22052337446196,64.81966700841534,26.956781534758484,,82.95242939727994,,,58.24295931348459,56.605325976356276
2005-11-30,1000.6810489942184,5.42,,95.73881794309028,,,,95.73881794309028,73.25210936304433,29.387876065925276,,84.93958364529092,,,62.5265230247535,58.96186953538109
2005-12-31,989.8941244447047,5.37,,101.308090650604,,,,101.308090650604,73.1359761745768,28.545482809812704,,91.09772689173654,,,64.25972862537535,61.67640365453781
2006-01-31,1027.3475313997726,5.29,,101.09652216003678,,,,101.09652216003678,80.73442190422911,26.890420561838408,,88.08527849923578,,,65.23670698843443,64.00765287952107
2006-02-28,1014.5656159107529,5.35,,102.83489691036532,,,,102.83489691036532,79.27461373241862,29.188079157757592,,87.74933887458134,,,65.4040105882525,64.96681540068742
2006-03-31,1034.2823231210084,5.53,,103.84650175779028,,,,103.84650175779028,81.07898069751532,35.44479898866715,,86.56934283299329,,,67.69770750639191,66.11280836102627
2006-04-30,1034.3903979506813,5.84,,110.46990734052537,,,,110.46990734052537,81.02966467053787,47.195515681256175,,90.93758008162486,,,73.0542534778063,68.71865719081688
2006-05-31,975.6210399197798,5.95,,122.9862443936391,,,,122.9862443936391,73.17698246030884,52.31164066558095,,94.83140973153408,,,73.44001095247462,71.39732397889092
2006-06-30,973.6424366768292,5.89,,118.7765748848354,,,,118.7765748848354,73.1341901936093,50.82071517052109,,89.68393993631625,,,71.21294843348221,72.5690709545877
2006-07-31,947.54422061323,5.85,,123.54734336882387,,,,123.54734336882387,68.96735064495184,50.05685568184888,,90.04678205444525,,,69.69032946041531,71.44776294879071
2006-08-31,983.8296087764196,5.68,,123.24196382480392,,,,123.24196382480392,74.26334594624413,43.57315000056971,,87.1961194385895,,,68.34420512846778,69.74916100745509
2006-09-30,1019.3650123609012,5.51,,119.64143869319452,,,,119.64143869319452,78.44094290965751,36.92725863784044,,81.7440476273452,,,65.70408305828104,67.91287254905471
2006-10-31,1063.226524732433,5.51,,117.61583965846356,,,,117.61583965846356,82.74179470287365,37.50173078733914,,77.5949690891797,,,65.94616485979749,66.66481768218209
2006-11-30,1091.6674017010102,5.33,,114.63396304863566,,,,114.63396304863566,84.79802092601577,30.112305241203778,,71.99154820439267,,,62.300624790537405,64.65029090287196
2006-12-31,1085.153209570303,5.32,,113.33516771391577,,,,113.33516771391577,83.39099492266402,30.15314723310731,,68.5087716960374,,,60.684304617269575,62.977031422534814
2007-01-31,1105.1377388172382,5.4,,107.53903455539108,,,,107.53903455539108,84.4496853310389,34.35832879840818,,57.09874820235018,,,58.63558744393242,60.54017228391313
2007-02-28,1083.8718870410742,5.39,,108.7634804195442,,,,108.7634804195442,81.49035245923419,34.4493591492499,,58.00844640519364,,,57.982719337892576,59.10087046636485
2007-03-31,1090.234639673119,5.3,,111.22428297654828,,,,111.22428297654828,81.34329010497711,30.471691841151028,,61.329668666913214,,,57.71488353768045,58.111063439835135
2007-04-30,1141.5224790213765,5.47,,118.90838161860704,,,,118.90838161860704,85.08823145906744,39.95617016184817,,73.65620966873264,,,66.23353709654941,60.643713324040796
2007-05-31,1178.1527077957865,5.47,,118.60288152067046,,,,118.60288152067046,86.875886635952,40.61899413189839,,71.91238734580067,,,66.46908937121702,63.47250333514895
2007-06-30,1173.3710089182666,5.79,,118.56462637829944,,,,118.56462637829944,85.60810225483453,62.71488187032478,,70.47047782144563,,,72.93115398220165,68.54459348332269
2007-07-31,1153.56266998989,5.73,,121.87713053112144,,,,121.87713053112144,83.28347256118174,60.21895838411392,,75.1631639531252,,,72.88853163280695,70.76292499540853
2007-08-31,1178.3223798000547,5.79,,120.3016627635991,,,,120.3016627635991,84.72490158889616,65.62664950093337,,70.69923809015502,,,73.68359639332817,73.16776066944557
2007-09-30,1229.5357337048658,5.74,,119.48323469010522,,,,119.48323469010522,88.10001218642321,62.884610353625106,,67.62360828147678,,,72.8694102738417,73.1471794333256
2007-10-31,1292.621976206516,5.66,,119.19434449379736,,,,119.19434449379736,90.99610571231183,58.08134981580664,,65.69547897598315,,,71.59097816803387,72.71466161173457
2007-11-30,1212.79804523529,5.44,,111.70697431506292,,,,111.70697431506292,84.95657514718508,40.814495422070905,,40.216108680934724,,,55.329059750063564,66.59648273064636
2007-12-31,1207.7372080410178,5.49,,111.11829267271372,,,,111.11829267271372,84.01660566454773,45.92689125770657,,35.96051228907653,,,55.30133640377694,60.74045810729145
2008-01-31,1091.8347071867768,5.33,,114.70655464390876,,,,114.70655464390876,70.64304053410333,32.552149676568426,,46.53371471254852,,,49.909634974406764,53.51334370941575
2008-02-29,1041.1695144881742,5.53,,120.06594496009338,,,,120.06594496009338,62.424018184778,51.59707873882805,,66.92612659721188,,,60.31574117360597,55.17557085059655
2008-03-31,1048.937787647029,5.51,,122.1987822184323,,,,122.1987822184323,63.19433150840245,50.26584809608323,,74.44842648709027,,,62.63620203052531,57.62052605951268
2008-04-30,1114.464031950812,5.55,,122.03957852499546,,,,122.03957852499546,73.44031693988899,54.589290745634614,,72.26999092979027,,,66.76653287177129,63.23949202530085
2008-05-31,1160.9120572011614,5.57,,119.2958467984064,,,,119.2958467984064,79.41909198470027,56.0604940024766,,60.40562762957693,,,65.29507120558459,64.89926870262705
2008-06-30,1054.393892804764,5.68,,121.1634564041884,,,,121.1634564041884,61.636870910137375,66.10557181951222,,68.91483989331219,,,65.55242754098725,65.87134387278104
2008-07-31,1059.4161917264294,5.67,,121.97146293485255,,,,121.97146293485255,62.00922245731568,64.82181771020817,,73.11282128438951,,,66.64795381730445,65.83181752129208
2008-08-31,1074.6711929243825,5.64,,115.26166016781984,,,,115.26166016781984,64.42830887277921,62.49359846654645,,40.03976482615987,,,55.65389072182851,62.618090693373404
2008-09-30,942.9033435820286,5.65,,109.25141498285932,,,,109.25141498285932,35.737658763023404,63.65471246804142,,17.10388128990947,,,38.832084173658096,53.71130957093035
2008-10-31,783.1126311961337,6.28,,91.34725662398807,,,,91.34725662398807,12.272518337381163,95.18937746752995,,2.9879080240066758,,,36.81660127630593,43.767525390597505
2008-11-30,704.4827616520732,6.12,,83.66174808713129,,,,83.66174808713129,7.436982629731752,90.21473378414196,,3.8738220874166784,,,33.84184616709679,36.4968438723536
2008-12-31,718.3558482599642,5.05,,81.64656086300874,,,,81.64656086300874,9.194954924373674,14.528522353640438,,6.347121846163244,,,10.02353304139245,26.893993494931717
2009-01-31,678.7330323369033,5.05,,81.73772495647262,,,,81.73772495647262,7.916513201076242,15.473021671189596,,9.303811768051814,,,10.897782213439218,18.25438714064281
2009-02-28,629.1733889919616,5.27,,79.70274623925087,,,,79.70274623925087,6.666373158145234,29.26555979914293,,10.949203010233408,,,15.62704532250719,12.182786859112943
2009-03-31,693.5890661760116,5.5,,82.01981996924276,,,,82.01981996924276,11.10790130189219,48.33281256566569,,15.104709450632534,,,24.848474439396803,17.12443399178106
2009-04-30,775.1589453303844,5.39,,83.9034921895826,,,,83.9034921895826,18.52649972079787,39.06873061837739,,18.951318424587065,,,25.51551625458744,21.997012005497137
2009-05-31,803.584467374252,5.54,,84.68126901596318,,,,84.68126901596318,22.053702115498716,53.31138474290415,,21.710253018773116,,,32.35844662572533,27.574145773236513
2009-06-30,822.5406364527555,5.61,,89.18433414010546,,,,89.18433414010546,24.733861020317757,60.63368880064637,,28.12836015110978,,,37.8319699906913,31.901977623668014
2009-07-31,888.442544045389,5.41,,91.7386982838968,,,,91.7386982838968,33.82030535627256,42.16823524708811,,32.665905594126244,,,36.218148732495635,35.469521782970745
2009-08-31,905.432769096626,5.26,,99.0318301856638,,,,99.0318301856638,36.20273132931063,29.47132602129045,,43.8341936460922,,,36.50275033223109,36.850956351806
2009-09-30,952.3500583453024,5.13,,97.57836937850668,,,,97.57836937850668,43.611518235823326,20.823396871606644,,42.89795878973485,,,35.77762463238827,36.166174565704985
2009-10-31,923.9679378899656,5.15,,97.88943653853296,,,,97.88943653853296,38.76000842314945,22.747814274121765,,44.574225393965214,,,35.36068269707881,35.88035255389938
2009-11-30,975.3481725024966,5.19,,100.09123312732898,,,,100.09123312732898,47.345397969152046,26.092840566165748,,48.7433186593991,,,40.72718573157229,37.28849768701311
2009-12-31,1020.0788927525203,5.26,,106.59924534556497,,,,106.59924534556497,54.92692580550697,31.81685576772525,,59.271433065060144,,,48.67173821276412,41.586535547138396
2010-01-31,964.9529337386234,5.26,,110.55961730784144,,,,110.55961730784144,45.29551378452707,32.01080492171528,,65.55843794560792,,,47.62158555061676,45.67350316498439
2010-02-28,1003.4833432758716,5.35,,105.84784938864728,,,,105.84784938864728,51.73582491641735,39.37787954133067,,59.684383793331385,,,50.266029417026466,48.853117726802445
2010-03-31,1074.3144866525938,5.27,,107.52434336589415,,,,107.52434336589415,63.23143639755982,32.75363665339817,,63.8527931438037,,,53.27928873158723,50.38896789974348
2010-04-30,1097.5523539489875,5.29,,107.70640619785888,,,,107.70640619785888,66.35827143737306,34.49002165123689,,65.81236382775964,,,55.55355230545652,53.03295681802339
2010-05-31,1010.8170580949736,4.96,,102.78571983494294,,,,102.78571983494294,51.65996088065384,13.904561486731145,,59.00907764749091,,,41.52453333829196,50.11912479177857
2010-06-30,949.2638134339156,4.88,,102.89917269672044,,,,102.89917269672044,40.92676767112764,11.005936550810281,,61.38948105197194,,,37.77406175796995,44.9507158005728
2010-07-31,1015.828256469617,4.72,,105.3822911103956,,,,105.3822911103956,52.33163899826055,7.29627284012741,,68.86006699611991,,,42.82932627816929,40.709307124810394
2010-08-31,960.5757256351,4.49,,109.41737578793207,,,,109.41737578793207,42.73256147763661,4.4459083641842385,,77.2111270444494,,,41.46319896209008,40.6888623327431
2010-09-30,1072.7884871987756,4.53,,110.38738917586086,,,,110.38738917586086,61.73957766257894,6.08484797397823,,78.56465358148694,,,48.796359739348034,44.36296165986912
2010-10-31,1132.3525460394678,4.68,,112.45320999572992,,,,112.45320999572992,70.44470875282562,10.367545643015893,,79.50577218198237,,,53.43934219260795,47.89963363134868
2010-11-30,1128.7544375777236,4.87,,114.48789504806643,,,,114.48789504806643,69.50691496901642,17.584655547218244,,80.3022037164013,,,55.79792474421198,52.677875558722654
2010-12-31,1192.5247521093384,5.02,,123.93234593015347,,,,123.93234593015347,77.28918033921339,25.170129759066,,87.96904118689969,,,63.47611709505969,57.57112801062653
2011-01-31,1220.68635343805,5.04,,127.1428372502772,,,,127.1428372502772,79.76871799221726,26.63413119162964,,88.21370272590623,,,64.8721839699177,61.38207526972979
2011-02-28,1258.2209058964954,5.22,,127.3314282897302,,,,127.3314282897302,82.66787537471193,37.69306849968401,,86.52831105949211,,,68.96308497796267,65.77046201431334
2011-03-31,1255.0050647176436,5.13,,123.21478266963928,,,,123.21478266963928,81.57684115849531,32.46019303193955,,80.72016036855244,,,64.91906485299577,66.25144460029203
2011-04-30,1292.4794434411183,5.16,,121.9134333339614,,,,121.9134333339614,84.03013959991173,34.887631387685495,,77.69433791999784,,,65.53736963586502,66.47317315560781
2011-05-31,1275.3526625880368,4.96,,117.98008955953922,,,,117.98008955953922,81.65946447484842,24.008216342106152,,70.1302268966055,,,58.59930257118669,63.018579020015814
2011-06-30,1249.5631820040282,4.99,,121.24177958134884,,,,121.24177958134884,78.39514516478798,26.214172521994865,,74.91028621124319,,,59.839867966008676,61.32551339102012
2011-07-31,1249.3454595659086,4.93,,128.4712637768061,,,,128.4712637768061,77.61370122657732,23.681839073949174,,84.32196674425592,,,61.8725023482608,60.10389096181871
2011-08-31,1178.1007903259615,4.37,,123.57446159751152,,,,123.57446159751152,68.82369050855716,7.010846323493941,,74.99524684218747,,,50.27659455807952,57.32965495744966
2011-09-30,1110.315704458012,4.09,,115.93717574455032,,,,115.93717574455032,59.303727445327745,4.632166824415887,,56.424958054208155,,,40.12028410798392,50.75646033810807
2011-10-31,1229.123098905722,3.98,,108.31197792430042,,,,108.31197792430042,74.2758666086154,4.8040998431379345,,34.42200033239135,,,37.83398892804823,42.74362253137054
2011-11-30,1203.0101601542804,3.87,,110.084327676074,,,,110.084327676074,70.86866205276495,5.023513302829795,,37.350035100244575,,,37.747403485279776,38.56722550710396
2011-12-31,1199.0597587553843,3.93,,111.9238618608875,,,,111.9238618608875,70.04685595031282,6.937422960489088,,41.86334184666102,,,39.61587358582098,38.39908866638299
2012-01-31,1286.82371530674,3.85,,116.81301807461575,,,,116.81301807461575,79.01599097844087,7.227589389038985,,55.96227774931567,,,47.401952705598504,41.58840992556642
2012-02-29,1357.6706116650582,3.85,,118.27602330041675,,,,118.27602330041675,84.11869160661662,8.464112740402701,,59.02919219184165,,,50.53733217962032,45.85171949034659
2012-03-31,1416.5504101430731,3.99,,116.62618869912842,,,,116.62618869912842,87.05373948532102,11.767829331904123,,52.785529658801025,,,50.53569949200872,49.491661459075836
2012-04-30,1400.0161439906371,3.96,,115.3929810786072,,,,115.3929810786072,85.15536274571906,12.342378321100366,,47.71965208010842,,,48.405797715642606,49.82627646242387
2012-05-31,1301.5940300290015,3.8,,114.19443312305152,,,,114.19443312305152,76.87315620408552,10.856725353522446,,41.663630330162185,,,43.131170629256715,47.357555945636
2012-06-30,1350.3842163511788,3.64,,111.8219247847842,,,,111.8219247847842,80.54057799233809,9.69166949029843,,31.261432157870182,,,40.49789321350223,44.01162051946718
2012-07-31,1360.9579274540426,3.4,,115.58492206481078,,,,115.58492206481078,80.74083087601657,8.023653605992365,,42.69012847014644,,,43.818204317385124,42.482422720048014
2012-08-31,1416.3901324227745,3.48,,114.33005174926431,,,,114.33005174926431,84.00288646057291,10.058933497446867,,36.446186277927296,,,43.50266874531569,42.60625542540101
2012-09-30,1437.6086743815774,3.49,,116.02390485891532,,,,116.02390485891532,84.68529678618705,11.263512129195409,,42.183367023764255,,,46.04405864638224,44.454977236361
2012-10-31,1375.3129722400013,3.47,,115.90839366861964,,,,115.90839366861964,80.02863071696379,12.047012186968162,,40.903135488859945,,,44.32625946426396,44.62432895198729
2012-11-30,1388.2087389239946,3.5,,113.86583104821716,,,,113.86583104821716,80.4669911500138,13.549104858637184,,32.49524702797238,,,42.17044767887445,44.18025526317354
2012-12-31,1388.009616688561,3.65,,116.9802582959801,,,,116.9802582959801,79.91385697801573,17.03077367031442,,47.02144161116281,,,47.98869075316432,44.82846596543424
2013-01-31,1438.8754451778177,3.8,,120.31285752695128,,,,120.31285752695128,82.62445779545796,20.850138013311035,,64.3690574626862,,,55.947884423818394,48.70234095195238
2013-02-28,1446.9380476180706,3.9,,119.03627422740944,,,,119.03627422740944,82.26094063381129,23.82987029526264,,60.97917417883617,,,55.68999503597003,53.208856737650905
2013-03-31,1493.833233960623,3.93,,116.17976122026288,,,,116.17976122026288,84.17808959771011,25.245411416131063,,47.039822033221704,,,52.154441015687624,54.597440158492
2013-04-30,1525.2885331652506,3.73,,111.7090965146562,,,,111.7090965146562,84.98276210160175,21.417629710267004,,25.93463847757989,,,44.111676763149546,50.65203760493572
2013-05-31,1573.9015211513597,3.89,,111.536875289833,,,,111.536875289833,86.47292730840597,25.79946806151497,,26.759450475785755,,,46.34394861523556,47.53668879802424
2013-06-30,1543.8949246224963,4.27,,111.1780277795575,,,,111.1780277795575,83.98388035625975,36.86055702461312,,26.845145607977393,,,49.22986099628342,46.56182879155617
2013-07-31,1637.162546780019,4.34,,112.74231481706288,,,,112.74231481706288,87.36108505052503,39.58940443690796,,34.72300858635964,,,53.89116602459754,49.821658545372166
2013-08-31,1616.268600638733,4.54,,114.39499276766576,,,,114.39499276766576,85.41064168056015,46.663498821747744,,48.69373102679824,,,60.25595717636871,54.45899473241655
2013-09-30,1688.0895810991656,4.64,,112.94188546179578,,,,112.94188546179578,87.43520925451062,50.61858020273318,,37.66109641850828,,,58.571628625250696,57.57291727540564
2013-10-31,1763.9523376062557,4.53,,112.70684610663515,,,,112.70684610663515,89.2299048148689,47.738592694028334,,32.90919734829404,,,56.62589828573043,58.48449469578327
2013-11-30,1821.740640760899,4.63,,112.8377020862722,,,,112.8377020862722,90.18904203026695,52.33048354191805,,32.13248359656479,,,58.21733638958325,57.80495443352145
2013-12-31,1872.929173863688,4.62,,116.99946610856568,,,,116.99946610856568,90.765268638549,52.234110252982816,,69.65118479503914,,,70.88352122885698,61.90891863472354
2014-01-31,1831.252061055383,4.49,,119.97094887898707,,,,119.97094887898707,88.694637751626,47.66708283124883,,86.28129801080982,,,74.2143395312282,67.77173238322281
2014-02-28,1919.6328721118916,4.45,,116.93470785046809,,,,116.93470785046809,90.71550043552877,46.63661855542441,,67.64524540115536,,,68.33245479736951,71.14343851915156
2014-03-31,1882.593228663623,4.38,,111.91498677448898,,,,111.91498677448898,88.83756324378672,44.58330415691016,,25.18387718089654,,,52.868248193864474,65.13834750748738
2014-04-30,1868.971850355225,4.24,,110.13811861591736,,,,110.13811861591736,87.55517013118845,39.83296172255451,,17.100752915697974,,,48.162961589813634,56.4545548603492
2014-05-31,1932.9718709613164,4.16,,111.99355736795415,,,,111.99355736795415,88.88181380992347,37.42797670407486,,29.452025470879857,,,51.92060532829273,50.98393837065694
2014-06-30,1992.44709554066,4.25,,112.77988828005608,,,,112.77988828005608,89.80340844668932,41.55708930400668,,34.96484900495497,,,55.44178225188365,51.84178305666333
2014-07-31,1989.923442613766,4.16,,116.4803002279662,,,,116.4803002279662,88.76944479902835,38.55928464028699,,66.03776194495283,,,64.45549712808939,57.272628236088586
2014-08-31,2081.9819922688284,4.08,,115.78360511662676,,,,115.78360511662676,90.41546479586201,35.963378469372614,,59.838574463571604,,,62.07247257626874,60.65658398541391
2014-09-30,2054.1899441379387,4.11,,113.92477462535534,,,,113.92477462535534,88.61824383705729,37.72320377174071,,44.53207632684006,,,56.957841311879356,61.16193700541248
2014-10-31,1708.268486528613,3.92,,112.44069699205988,,,,112.44069699205988,72.01316256929601,30.891342026314312,,33.52277509385497,,,45.47575989648843,54.835357928212154
2014-11-30,1770.0520485609693,3.92,,113.9453353757612,,,,113.9453353757612,75.1032780361218,31.479776790231174,,45.956193667618464,,,50.84641616465714,51.09333912434163
2014-12-31,1742.676565056357,3.79,,113.1267025912016,,,,113.1267025912016,72.80794692579359,27.276026190211134,,40.201455605762895,,,46.761809573922534,47.69466187835602
2015-01-31,1702.9855475190625,3.46,,111.07702916741404,,99.0,,111.07702916741404,69.6471229659571,17.775467120431138,,25.392124935785592,,,37.604905007391274,45.0710435819903
2015-02-28,1817.655976239045,3.61,,110.65479846748832,,75.0,,110.65479846748832,76.20361219364202,22.634659538902714,,23.45368355482817,,,40.763985095790964,41.71023322570158
2015-03-31,1783.24274298706,3.64,,109.6237665443034,,99.0,,109.6237665443034,73.4674036840724,24.148442572571586,,18.808787923079926,,,38.808211393241294,39.05903383214116
2015-04-30,1806.257800523385,3.52,,108.003176197912,,50.0,,108.003176197912,74.23859267984153,20.727386525933607,,13.05149273132071,,,36.005823979031945,38.52600682268805
2015-05-31,1843.9101653391383,3.98,,109.85068117110444,,99.0,,109.85068117110444,75.89750517962251,39.43413751839731,,23.978675729931428,,,46.43677280931708,40.4169360605301
2015-06-30,1805.1811440290523,4.19,,108.65899266937812,,41.66666666666667,,108.65899266937812,72.94980230197231,50.1411912587311,,18.462801527495863,,20.43950705676695,40.49832553624156,40.98030744153018
2015-07-31,1865.2646556805896,4.15,,108.03148620749022,,78.57142857142857,,108.03148620749022,76.16587254608623,48.60810021175962,,17.58284101485988,,51.158461828485436,48.378818900297794,45.104639081952136
2015-08-31,1739.701107541167,4.04,,105.52236761714803,,37.5,,105.52236761714803,67.00979098722043,43.468688018225066,,11.499175687695944,,20.90050460208272,35.71953982380604,41.53222808678178
2015-09-30,1692.7890607120703,4.07,,104.8787986311891,,88.88888888888889,,104.8787986311891,62.67486542529964,45.32573755210093,,12.532881025134014,,64.10097206146506,46.15861401599991,43.4189909133679
2015-10-31,1861.259086396331,3.95,,103.08022681178949,,95.0,,103.08022681178949,74.83379258666083,39.90475753643379,,11.067779554591919,,68.06693194070589,48.46831540459811,43.448823081468
2015-11-30,1872.513799069465,4.06,,99.83143254734487,,99.0,,99.83143254734487,74.9834695439048,46.00835024720566,,8.522790892825792,,69.96371062011313,49.86958032601235,48.1655032488701
2015-12-31,1840.2276604921813,3.97,,100.0,,83.33333333333334,,100.0,72.08228285603604,42.06298360211511,,11.466198630544945,,54.82748799639538,45.10973827127287,47.815878000627755
2016-01-31,1712.0338144530474,4.0,,102.37174962277696,,96.15384615384616,,102.37174962277696,61.07144255961347,44.36561510855073,,18.47637937071538,,66.86861900148007,47.695514010089916,47.558277535791696
2016-02-29,1689.8657954109362,3.96,,101.45979491053664,,92.85714285714286,,101.45979491053664,58.528362733493935,42.95260446816342,,17.73464018143698,,63.00494747752422,45.55513871515464,46.120130332172465
2016-03-31,1804.6884449792144,3.82,,101.38834105026986,,99.0,,101.38834105026986,67.99368648267654,35.642652733872495,,19.715458670334314,,68.27824991161697,47.907511949625075,47.05272155828987
2016-04-30,1767.6077310455498,3.62,,101.28577242262077,,93.75,,101.28577242262077,64.25699105651769,25.300793440475992,,21.38618702788599,,62.38368991409533,43.33191535974375,45.59818867484114
2016-05-31,1828.6851229096403,3.65,,99.9478077608818,,97.05882352941175,,99.9478077608818,68.89613193307508,27.082232143125225,,19.63563703268127,,65.34383626176063,45.23945934266055,45.49296221734312
2016-06-30,1796.3398770840693,3.5,,102.34289990072574,,83.33333333333334,,102.34289990072574,65.53981798850856,19.78178730227157,,29.020171211316093,,49.444001565012336,40.94644451677714,43.172606406393804
2016-07-31,1907.6116932423952,3.28,,106.1501853258117,,71.05263157894737,,106.1501853258117,74.13566057531392,11.7529479983419,,46.787616238251566,,35.30263857533246,41.99471584680996,42.72687323541587
2016-08-31,1921.069044529308,3.32,,105.9173198595468,,52.5,,105.9173198595468,74.65002637364653,13.996338287657684,,47.47438933484442,,19.54455091778123,38.91632622848246,40.61916219735651
2016-09-30,1953.596985811256,3.41,,103.11522452181885,,99.0,,103.11522452181885,76.75947246906318,18.352147989397764,,34.77036441574121,,69.28522552783826,49.79180260051011,43.56761489193417
2016-10-31,1915.1333942202496,3.51,,101.456218338045,,99.0,,101.456218338045,73.21465200516661,23.692785983805564,,28.4272754295885,,68.64149397548412,48.4940518485112,45.734060225834575
2016-11-30,1946.5601707895944,3.86,,106.4799682006654,,99.0,,106.4799682006654,75.3820867651093,45.58338636671287,,58.09527403301972,,68.05898200480404,61.77993229241147,53.355262247144246
2016-12-31,1970.5699632646715,4.06,,112.54839773402632,,95.83333333333334,,112.54839773402632,76.96558945587685,59.460933991797205,,86.73209955221417,,64.14697137642334,71.82639859407789,60.7001275783335
2017-01-31,2054.7056677920345,3.92,,113.45779687756308,,99.0,,113.45779687756308,82.55132714181825,49.587078293223016,,87.98932444949654,,67.7483508299189,71.96902017861417,68.52511702170116
2017-02-28,2135.9366454393107,3.95,,111.20954371947217,,99.0,,111.20954371947217,86.55889011837795,51.592772608516334,,80.67001243494047,,66.54349017692735,71.34129133469052,71.71223670246086
2017-03-31,2166.7468624031967,4.01,,111.7951460195602,,99.0,,111.7951460195602,87.22333554211686,55.79128561411048,,81.81993072326748,,66.54349017692735,72.84451051410554,72.05160734247006
2017-04-30,2215.5701945015426,3.87,,109.0840573014572,,99.0,,109.0840573014572,88.59732250931512,46.02062769988376,,70.10849851874418,,65.1660840828264,67.47313320269237,70.55297835049612
2017-05-31,2280.060558316273,3.85,,109.20353442805796,,99.0,,109.20353442805796,90.47085875955018,44.55530782149443,,70.93146559757885,,65.1660840828264,67.78092906536247,69.36619092738677
2017-06-30,2249.5474443566186,3.68,,111.74495291257244,,96.66666666666669,,111.74495291257244,88.46779809787996,33.10876283607231,,80.33623713169042,,60.847192995914725,65.68999776538935,66.98135334448138
2017-07-31,2326.926431454546,3.7,,115.92858216482972,,91.93548387096774,,115.92858216482972,90.70367870273253,33.82191353065592,,88.71258208398947,,52.69794312489593,66.48402936056846,66.65165206377341
2017-08-31,2361.674272541989,3.63,,118.65586924890208,,99.0,,118.65586924890208,90.96802356839481,29.164890735764047,,90.13070844562378,,63.73509603103442,68.49967969520426,66.89123560705401
2017-09-30,2376.7058634540253,3.63,,117.48766761374723,,99.0,,117.48766761374723,90.52981021193558,28.884599818618966,,85.4326054137602,,62.802651242338946,66.91241667166342,67.29870857581204
2017-10-31,2465.8723741954905,3.6,,119.6565387178851,,99.0,,119.6565387178851,92.3978622141926,26.837644917419677,,86.61571320237724,,62.386134741734324,67.05933876893096,67.49047837859955
2017-11-30,2519.873021071134,3.57,,120.61036533843964,,99.0,,120.61036533843964,92.8943528126095,24.98399389285499,,85.78850989815308,,62.38613474173431,66.51324783633797,66.82833442564409
2017-12-31,2534.175800908244,3.51,99.0,124.37735985959266,100.0,95.83333333333334,99.0,124.37735985959266,92.37175086964685,22.08117599621354,,88.66649368652504,,54.39654067224138,64.3789903061567,65.9838589704752
2018-01-31,2729.256340464907,3.55,99.0,129.05129545466812,,98.64864864864865,99.0,129.05129545466812,95.25248765764806,24.595004193645483,,90.71387359538518,,60.45041248897053,67.75294448391232,66.21506087546898
2018-02-28,2675.0419770580056,3.82,99.0,124.07183442670556,,94.73684210526316,99.0,124.07183442670556,93.24761029059412,41.83726261399881,,81.90396119013673,,51.46391020176032,67.1131860741225,66.41504028806382
2018-03-31,2584.226244136763,3.87,99.0,122.56744422398349,,94.87179487179486,99.0,122.56744422398349,89.93922620324456,45.48899080857347,,77.24742717493001,,52.17604886961652,66.21292326409115,67.02635127404197
2018-04-30,2590.433353552619,3.85,99.0,122.66705900739504,,95.0,99.0,122.66705900739504,89.16361172629917,43.89145459927612,,75.78280874063782,,52.350456944626714,65.29708300270995,66.20773078030784
2018-05-31,2718.031467368121,4.0,99.0,121.95536173466712,,89.02439024390245,99.0,121.95536173466712,91.61862210388611,54.6539871788765,,72.7590373590959,,39.550430690843925,64.64551933317561,65.38517519999222
2018-06-30,2743.7715234766724,3.96,99.0,124.66345750776456,,85.71428571428571,99.0,124.66345750776456,91.20244882300834,52.14328448443099,,77.41409781248356,,32.227161554706726,63.2467481686574,64.39645016818098
2018-07-31,2815.631376831522,3.87,99.0,121.16877151349188,,83.72093023255815,99.0,121.16877151349188,91.73782324466725,46.06240603247974,,67.08490818612876,,25.65734682080809,57.63562107102096,61.84262952428464
2018-08-31,2967.493487734847,3.88,99.0,119.90956085581922,,82.95454545454545,99.0,119.90956085581922,93.49360040637504,47.54733163325594,,61.891493233833,,7.934677645646433,52.71677572977761,57.86638165648531
2018-09-30,2954.57996212343,3.98,99.0,117.93255218041766,,88.88888888888889,99.0,117.93255218041766,92.08078782141877,56.30138633746815,,53.50474720137267,,23.393591475937388,56.320128209049244,55.55750833661592
2018-10-31,2701.4780044983336,4.14,99.0,118.20608819636554,,99.0,99.0,118.20608819636554,84.19190712502248,69.25334532921823,,52.21985651733577,,67.68409414042955,68.33730077800149,59.12473490560944
2018-11-30,2711.582758549257,4.22,99.0,119.491630754296,,92.5531914893617,99.0,119.491630754296,83.6020826034301,75.89112778226064,,55.86393218842569,,39.15454284808063,63.62792135554926,62.76178344753331
2018-12-31,2461.5429643024463,4.02,99.0,119.35546054297224,100.0,72.91666666666666,99.0,119.35546054297224,71.62600325646686,62.700628505537146,,54.02845816313082,,4.486235652300427,48.2103313943588,60.05851784263651
2019-01-31,2688.0913670781383,3.93,99.0,120.21918123727994,,88.77551020408163,99.0,120.21918123727994,81.36637914977334,55.854890676009425,,56.91018824315134,,33.503664001768826,56.90878051767574,56.24901108919459
2019-02-28,2772.064425543664,3.79,99.0,121.2864262336332,,99.0,99.0,121.2864262336332,83.54200805234139,43.33051075338511,,60.45170370568742,,69.16849278649177,64.12317882447643,56.414096912170315
2019-03-31,2856.962986507492,3.77,99.0,121.60724726409792,,98.0392156862745,99.0,121.60724726409792,85.32672752411105,42.08014983300919,,60.52934821073161,,66.29746034806392,63.55842147897894,61.53012694037702
2019-04-30,2996.2794558790383,3.69,99.0,119.2010427943333,,92.3076923076923,99.0,119.2010427943333,88.10092562212533,34.86232477264319,,44.85165047969485,,46.86921189758637,53.67102819301244,60.450876165489255
2019-05-31,2756.1878896704666,3.67,99.0,117.06790891840178,,97.16981132075472,99.0,117.06790891840178,79.60742787738138,33.55174516328265,,27.613343754483115,,64.92289300839903,51.42385245088655,56.217767374292634
2019-06-30,2965.190766903253,3.42,99.0,116.70076654088386,,89.81481481481481,99.0,116.70076654088386,85.58554434643798,15.46872039471955,,21.609760694506434,,38.99023096607997,40.413564100435984,48.502814914778305
2019-07-31,3026.045435438435,3.29,99.0,120.65900402144682,,96.36363636363636,99.0,120.65900402144682,86.21058460944818,10.475722419223475,,48.99024228758339,,62.432153017349535,52.02717558340114,47.95486404490788
2019-08-31,2957.07642898993,2.98,99.0,118.59729620524251,,87.5,99.0,118.59729620524251,83.28452075220476,4.262747484699486,,31.75917265558438,,32.0342103705581,37.83516281576168,43.42530083319959
2019-09-30,2979.7625783089848,3.03,99.0,117.79976606977463,,99.0,99.0,117.79976606977463,83.04671832087011,6.292825835259882,,25.815204064050935,,72.71585729931994,46.967651379875214,45.60999659301266
2019-10-31,3089.5595140171044,3.01,99.0,116.15277612459008,,98.27586206896552,99.0,116.15277612459008,85.24463251020326,7.131312043765195,,18.125326346474687,,70.67370866204014,45.29374489062082,43.36551969541923
2019-11-30,3219.195004998692,3.06,99.0,118.16290736709357,,99.0,99.0,118.16290736709357,87.40909831235527,9.568798242295037,,31.290185092478644,,72.89224886753057,50.29008262866488,47.51715963305363
2019-12-31,3333.2098624829823,3.01,99.0,120.81968298269965,100.0,73.33333333333333,99.0,120.81968298269965,88.77954636688324,9.425424774043538,,53.706257750455336,,8.43117620852444,40.08560127497664,45.22314293142077
2020-01-31,3403.7544805431253,2.94,99.0,120.82834215543072,,98.36065573770492,99.0,120.82834215543072,89.11266275855057,8.693981380247987,,58.60837140626931,,71.0762513796321,56.87281673117499,49.08283354493883
2020-02-29,3187.648446152932,2.78,99.0,117.89528794263178,,99.0,99.0,117.89528794263178,83.2267805108183,6.745422292931023,,29.050604487566023,,71.98991253635,47.753179956916334,48.23719932102264
2020-03-31,2887.535444290484,3.02,99.0,112.07194309259694,,65.87301587301587,99.0,112.07194309259694,72.56806388624693,13.53047279899395,,5.495222774890881,,6.6676373881637785,24.56534921207388,43.06378196672173
2020-04-30,3321.9915822633325,2.43,99.0,106.66064310135444,,80.46875,99.0,106.66064310135444,85.3487855940408,4.153489741426721,,3.2725974371176787,,27.063217544637574,29.959522579305695,34.09268391609862
2020-05-31,3529.639707866264,2.5,99.0,107.77350755425547,,88.46153846153845,99.0,107.77350755425547,88.69126569505421,6.167172076023088,,7.54129397094605,,46.339843733285015,37.184893868827096,30.569921886735543
2020-06-30,3729.273108591288,2.44,99.0,113.92882135568048,,72.72727272727273,99.0,113.92882135568048,90.88643994332766,6.549520478468524,,28.08106029714513,,16.196550362852108,35.428392770448355,34.1909364061937
2020-07-31,3991.30032501445,2.14,99.0,125.66081386779967,,67.91044776119402,99.0,125.66081386779967,93.00015403583221,4.615042637167403,,86.45336261565954,,13.076170038985847,49.28618233191125,40.63315632372888
2020-08-31,4395.9630771117045,2.25,99.0,125.71031620548852,,61.76470588235294,99.0,125.71031620548852,95.29446537589803,6.962005303399707,,84.4919521830154,,10.625432341069814,49.34346380084573,44.6860129677351
2020-09-30,4165.822205471106,2.31,99.0,124.61483225871802,,92.7536231884058,99.0,124.61483225871802,92.1882237444977,8.938072778121558,,79.13478020159857,,59.71270618597379,59.99344572754791,52.874363953434944
2020-10-31,4049.672771889585,2.35,99.0,126.54646443370582,,60.71428571428571,99.0,126.54646443370582,89.6709811482753,10.723468784847787,,82.83119567950943,,12.559811209060495,48.94636420542326,52.761091244605616
2020-11-30,4516.864958918857,2.3,99.0,128.7059649571917,,50.0,99.0,128.7059649571917,93.49759072688327,10.970194329838208,,85.64122448192283,,9.15317907151618,49.81554715254012,52.918452361837076
2020-12-31,4754.326845446271,2.26,99.0,138.09764326660934,100.0,47.22222222222222,99.0,138.09764326660934,94.1330660922403,11.399314817061244,,93.96480103468586,,10.281700624559,52.44472064213661,50.40221066669998
2021-01-31,4790.189302058534,2.45,99.0,141.2111133876556,,45.89041095890411,99.0,141.2111133876556,93.27686665778853,16.11854816601472,,92.93539614580808,,12.452677768424946,53.695872184509064,51.98537999306192
2021-02-28,4811.692562298283,2.7,99.0,145.59542047200765,,55.4054054054054,99.0,145.59542047200765,92.36012508179986,23.492997414488737,,92.6140948189533,,21.297646153853183,57.44121586727377,54.5272695646398
2021-03-31,4869.517201350647,3.04,99.0,145.44062176319844,,69.33333333333334,99.0,145.44062176319844,91.74528265154278,35.87168486340484,,89.49187312222116,,37.57337668373018,63.67055433022474,58.269214127335836
2021-04-30,5136.90039350583,2.9,99.0,147.45550717915808,,50.0,99.0,147.45550717915808,92.77365835915442,31.090850781326484,,88.2040646607383,,19.61164540407362,57.92005480132321,59.67727499960722
2021-05-31,5073.233722723362,2.96,99.0,153.73461136591573,,50.0,99.0,153.73461136591573,91.16101602908479,33.77844903547422,,89.6885459754187,,21.572828972537298,59.050210003128754,60.213606378225556
2021-06-30,5362.504649705069,2.79,99.0,152.94741254657745,,55.76923076923077,99.0,152.94741254657745,92.34020997094699,28.200912767185116,,86.36723834796497,,28.6214114489181,58.88244313375379,58.617569312735235
2021-07-31,5463.574845838552,2.57,99.0,153.57658542050683,,55.69620253164557,99.0,153.57658542050683,91.94195383397846,21.977951679183665,,84.31705608439219,,30.075074551840604,57.07800903734873,58.336887391410414
2021-08-31,5675.178042012008,2.55,99.0,153.5652621143438,,44.375,99.0,153.5652621143438,92.28190768228782,22.07683217238205,,81.96617488066703,,21.282537479370088,54.40186305367675,56.78743840825974
2021-09-30,5360.830603454058,2.53,99.0,150.8570957533264,,59.876543209876544,99.0,150.8570957533264,88.69512101476447,22.22065163288687,,77.32332704786582,,38.78300669491031,56.75552659760687,56.0784662295441
2021-10-31,5767.734709626816,2.68,99.0,154.22071317195827,,81.70731707317073,99.0,154.22071317195827,90.99224341804259,27.26767994257863,,78.75979298510364,,68.6114137918193,66.40778253438604,59.188390728556534
2021-11-30,5802.020460330684,2.62,99.0,154.77839756373228,,81.32530120481928,99.0,154.77839756373228,90.1747997095475,26.081325967457236,,77.38258222231235,,70.05340852864408,65.9230291069903,63.02877941299439
2021-12-31,5873.031751540458,2.65,99.0,154.79508608726917,100.0,63.095238095238095,99.0,154.79508608726917,89.67101889189128,27.65133442617614,,75.57066227245697,,44.85062427810809,59.43590996715812,63.922240536178144
2022-01-31,5378.669973971853,2.93,99.0,162.116976505333,,99.0,99.0,162.116976505333,83.96755921330603,38.01273236275052,,80.49274112692615,,87.21702619541489,72.4225147245994,65.92715126624925
2022-02-28,5161.072191064273,3.25,99.0,161.44934023066057,,99.0,99.0,161.44934023066057,80.43427267901383,51.22995225458891,,77.97733576851651,,87.21702619541489,74.21464672438353,68.69102380538034
2022-03-31,5353.137962369962,3.43,99.0,160.9567102534703,,99.0,99.0,160.9567102534703,82.09050153852584,59.03038341416816,,75.95769507308603,,84.7091111097908,75.4469227838927,74.0280280776252
2022-04-30,4664.206049188554,3.76,99.0,160.04685186530023,,99.0,99.0,160.04685186530023,71.03119198050018,71.50030988562236,,73.97821547204855,,83.03557201986945,74.88632233951014,74.84929728259544
2022-05-31,4590.624831302457,4.13,99.0,155.09678696973853,,97.19101123595506,99.0,155.09678696973853,69.0977103081376,81.95989831633592,,66.50053751898857,,80.8230701109427,74.5953040636012,74.97618306233467
2022-06-30,4185.919490883824,4.24,99.0,154.45511720089385,,99.0,99.0,154.45511720089385,60.53544867219175,83.86848098972251,,64.27197576519008,,80.35000707618441,72.25647812582218,73.91270150964449
2022-07-31,4686.069346715288,4.06,99.0,144.52963332389132,,94.5054945054945,99.0,144.52963332389132,69.86947346496257,79.137427979485,,42.70008592911528,,75.07908841125223,66.69651894620377,71.18276704520905
2022-08-31,4456.607264243114,4.07,99.0,147.32251780694338,,94.56521739130434,99.0,147.32251780694338,64.8334609027826,78.95038677138605,,46.42525575152482,,73.50852677606207,65.92940755043888,68.29413487415493
2022-09-30,3994.817672414592,4.59,99.0,143.21134419404382,,97.8494623655914,99.0,143.21134419404382,54.35170712093351,88.58820005564712,,33.50357129841027,,75.97728034058987,63.1051897038952,65.24370540017928
2022-10-31,4176.540230720129,5.1,99.0,139.77459227724816,,97.3404255319149,99.0,139.77459227724816,57.884042555759706,93.25923026118934,,22.09402937465905,,73.86158342837678,61.774721404996214,63.603106219776755
2022-11-30,4386.443044257351,4.9,99.0,144.61658973117613,,99.0,99.0,144.61658973117613,61.968567667820096,90.12436742934001,,29.136556751884076,,73.608393917476,63.709471441630036,62.86312751684047
2022-12-31,4013.201452631388,4.43,99.0,150.7632351900448,100.0,99.0,99.0,150.7632351900448,52.9628880463458,81.9254424303872,,47.70538448628881,,72.0572915304367,63.662751623364635,63.04898148999695
2023-01-31,4416.1978113883415,4.4,99.0,153.11721056557852,,99.0,99.0,153.11721056557852,61.704506330663165,80.64378134860348,,55.19244921735511,,70.61805843087448,67.03969883187406,64.8039739656229
2023-02-28,4370.434144096518,4.56,99.0,151.3519681709049,,99.0,99.0,151.3519681709049,60.12930544343297,83.11290120821337,,46.88834458668682,,69.11580887445983,64.81159002819825,65.1713468278123
2023-03-31,4700.00719562489,4.6,99.0,151.2900614289675,,99.0,99.0,151.2900614289675,66.86201824585544,83.20553244846856,,45.4799137062835,,67.75531029435746,65.82569367374124,65.89232751127118
2023-04-30,4718.277969095094,4.47,99.0,149.0384112024091,,99.0,99.0,149.0384112024091,66.67189619608239,80.2321888959345,,35.69506848364824,,66.3659702357231,62.241280952847056,64.29285488492884
2023-05-31,4998.533782546809,4.67,99.0,145.18449061245406,,99.0,99.0,145.18449061245406,71.87655801164333,83.3663111524324,,23.778382613968578,,65.01366368967571,61.00872886693,63.02523449783942
2023-06-30,5325.255663796913,4.65,99.0,147.49348908565307,,99.0,99.0,147.49348908565307,77.24006445673109,82.44712220723778,,32.61286997402302,,63.59546881687368,63.973881363716394,62.407963727831145
2023-07-31,5531.754237338747,4.66,99.0,152.78048955664508,,97.5728155339806,99.0,152.78048955664508,79.87818366426842,82.00599946605503,,54.178264563731645,,60.00992048209359,69.01809204403716,64.66690075822784
2023-08-31,5424.970543840049,4.95,99.0,151.99856185617446,,95.1923076923077,99.0,151.99856185617446,77.39032676215078,85.78175081124509,,51.17869106669058,,53.52200552408332,66.96819354104244,66.65338898293199
2023-09-30,5136.964947955295,5.13,99.0,149.1733311174962,,98.09523809523807,99.0,149.1733311174962,71.39182568312528,87.3071872934875,,39.76138519688692,,58.45398782058678,64.22859649852163,66.73829402786707
2023-10-31,5013.75190002533,5.61,99.0,146.02455032434713,,98.1132075471698,99.0,146.02455032434713,68.24020698528636,91.22546645033015,,29.426261503858825,,56.920989077670846,61.45323100428654,64.21667368128352
2023-11-30,5544.565145320585,5.28,99.0,148.5855364515211,,98.5981308411215,99.0,148.5855364515211,77.95480889137919,87.11588629257983,,39.90414191934868,,56.71558990174096,65.42260675126217,63.70147808469011
2023-12-31,5845.589989077809,4.74,99.0,151.23816468928712,100.0,95.83333333333334,99.0,151.23816468928712,82.17808071542566,78.74563169441669,,51.41451994359383,,19.041340712430905,57.84489326646678,61.573577007338486
2024-01-31,5927.421831307119,4.87,99.0,154.94013598490483,,97.24770642201835,99.0,154.94013598490483,82.69829665818841,80.33625483234249,,68.63091698829022,,38.850576422297,67.62901122527954,63.63217041433615
2024-02-29,6259.262611667038,5.03,99.0,150.93315353989732,,99.0,99.0,150.93315353989732,86.28398463464009,82.06997415177236,,53.810978005128106,,67.41237772120903,72.3943286281874,65.95607770664456
2024-03-31,6360.252206727748,5.01,50.0,151.98923686411592,100.0,99.0,50.0,151.98923686411592,86.65059918294186,81.05382851129399,1.798620996209156,61.95875555430762,,67.41237772120903,59.77483639319234,66.59939208221975
2024-04-30,6075.859754929197,5.28,50.0,157.1614812182158,,98.21428571428572,50.0,157.1614812182158,82.1838457198338,83.9600003632615,3.744228707139139,85.33103393531583,,55.52878429032789,62.149578603175634,64.77291454151846
2024-05-31,6451.803864094654,5.25,50.0,163.2691675541106,,99.0,50.0,163.2691675541106,86.43342751400975,82.72846498623413,6.978185886556589,93.49627084468828,,66.85371569947552,67.29801298619284,63.0741426608536
2024-06-30,6820.386332976486,5.13,50.0,162.4299798465842,,97.36842105263158,50.0,162.4299798465842,89.39794907040846,80.24247625892804,10.074377529374596,89.93115983246447,,41.09786293325818,62.14876512488675,63.865452238085076
2024-07-31,6757.368883143897,5.12,50.0,162.43052172258572,,93.04347826086956,50.0,162.43052172258572,87.93464212585059,79.30629821442903,12.917025594960988,87.25028357640224,,5.047810066169239,54.49121191556242,61.312663342214
2024-08-31,6831.892241211595,4.87,50.0,159.04211344779492,,93.96551724137932,50.0,159.04211344779492,87.91365673434242,74.59874654774367,15.504309758627011,77.43314632790465,,9.30838996796638,52.951649867316824,56.530542302588664
2024-09-30,7003.39438887859,4.68,50.0,158.52041601989882,,99.0,50.0,158.52041601989882,88.804953569891,70.590267277376,17.864194884626354,74.29692645246173,,66.14041666992388,63.53935177085579,56.99407118457834
2024-10-31,6948.613614458906,4.95,50.0,159.52535009926672,,99.0,50.0,159.52535009926672,87.46972032691015,74.73786940310923,20.02972936427332,76.51175493544862,,65.12950096253276,64.77571499845482,60.42223887887581
2024-11-30,7349.610819926789,5.14,50.0,156.2352124829364,,99.0,50.0,156.2352124829364,90.2618653061759,77.09316145080113,22.031827707873724,62.700249868769696,,65.12950096253276,63.443321059230655,63.919462609513744
2024-12-31,7348.541450296757,5.2,50.0,158.75596263349996,,99.0,50.0,158.75596263349996,89.33207177576027,77.27117394569657,23.89757107250639,71.61714543916116,,65.12950096253276,65.44949263913144,64.5561762322723
2025-01-31,7507.818257033983,5.46,50.0,163.71074118444653,,99.0,50.0,163.71074118444653,89.73745346468704,80.22601412589093,25.650279868073355,84.06739042582933,,65.12950096253276,68.96212776940268,65.95164715592159
2025-02-28,7279.26632715126,5.32,50.0,163.45687333009946,,99.0,50.0,163.45687333009946,86.87368490224242,77.44801211018904,27.310116680910685,81.18738553794591,,65.12950096253276,67.58974003876416,67.33378681576609
2025-03-31,6723.61959935239,5.29,50.0,162.2216811601794,,99.0,50.0,162.2216811601794,79.43808778952098,76.25586116323456,28.894807909131003,75.95131364120469,,65.12950096253276,65.13391429312479,67.22859403376388
2025-04-30,6791.466451336732,5.45,,157.9224214565244,,99.0,,157.9224214565244,79.92188036601624,77.95797438050589,,59.56091907144441,,65.12950096253276,70.64256869512482,67.7887410090046
2025-05-31,7389.846131447834,5.54,,154.14402120671505,,99.0,,154.14402120671505,86.86706081874375,78.53841322618766,,41.664377801152426,,65.12950096253276,68.04983820215415,67.94210706346792
2025-06-30,7858.296069311281,5.46,,161.68286606066485,,99.0,,161.68286606066485,90.25441976229513,76.6696428514247,,72.26406896022003,,65.12950096253276,76.07940813411817,71.59060501046571
2025-07-31,8079.789222106915,5.45,,116.85549781144115,,99.0,,116.85549781144115,90.88398828084036,75.93488830843283,,1.8986353089881045,,64.24622645686972,58.24093458878275,67.45672697501836
2025-08-31,8178.34667879983,5.35,,114.51782125688165,,99.0,,114.51782125688165,90.46513995373022,73.71235622223375,,4.479690566234683,,62.789728751099084,57.86172887332444,64.06069053207511
2025-09-30,8612.402801464137,5.21,,,,99.0,,,92.16112719518644,70.6471386112503,,,,62.183277828712704,74.99718121171648,63.69994822460789
2025-10-31,8990.557647155174,5.13,,,,99.0,,,93.06061302712699,68.55226568195611,,,,61.59658197905269,74.40315356271192,69.08735454925095
2025-11-30,8454.584808364592,,,,,97.70992366412212,,,88.59593676263023,,,,,42.898706041345825,65.74732140198803,71.71588539213882
