Date,Infra_Power_Grid,Infra_Construction,Infra_Materials,Infra_Supply,Infra
1939-01-31,3.3899227850833196,,,3.3899227850833196,3.3899227850833196
1939-02-28,3.415822204595271,,,3.415822204595271,3.415822204595271
1939-03-31,3.4934212509748557,,,3.4934212509748557,3.4934212509748557
1939-04-30,3.5192710644086733,,,3.5192710644086733,3.5192710644086733
1939-05-31,3.532573098837468,,,3.532573098837468,3.532573098837468
1939-06-30,3.571072462195339,,,3.571072462195339,3.571072462195339
1939-07-31,3.571072462195339,,,3.571072462195339,3.571072462195339
1939-08-31,3.6095718255532088,,,3.6095718255532088,3.6095718255532088
1939-09-30,3.7130702914447458,,,3.7130702914447458,3.7130702914447458
1939-10-31,3.7130702914447458,,,3.7130702914447458,3.7130702914447458
1939-11-30,3.752219580544594,,,3.752219580544594,3.752219580544594
1939-12-31,3.752219580544594,,,3.752219580544594,3.752219580544594
1940-01-31,3.778069393978411,,,3.778069393978411,3.778069393978411
1940-02-29,3.8298186269241796,,,3.8298186269241796,3.8298186269241796
1940-03-31,3.85571804643613,,,3.85571804643613,3.85571804643613
1940-04-30,3.85571804643613,,,3.85571804643613,3.85571804643613
1940-05-31,3.8948698942987425,,,3.8948698942987425,3.8948698942987425
1940-06-30,3.933369257656613,,,3.933369257656613,3.933369257656613
1940-07-31,3.933369257656613,,,3.933369257656613,3.933369257656613
1940-08-31,3.985118490602381,,,3.985118490602381,3.985118490602381
1940-09-30,4.023617853960252,,,4.023617853960252,4.023617853960252
1940-10-31,4.062717536981967,,,4.062717536981967,4.062717536981967
1940-11-30,4.166216002873503,,,4.166216002873503,4.166216002873503
1940-12-31,4.166216002873503,,,4.166216002873503,4.166216002873503
1941-01-31,4.205365291973352,,,4.205365291973352,4.205365291973352
1941-02-28,4.243916820172119,,,4.243916820172119,4.243916820172119
1941-03-31,4.308915922705785,,,4.308915922705785,4.308915922705785
1941-04-30,4.347415286063656,,,4.347415286063656,4.347415286063656
1941-05-31,4.38651496908537,,,4.38651496908537,4.38651496908537
1941-06-30,4.450913751955191,,,4.450913751955191,4.450913751955191
1941-07-31,4.502613378822826,,,4.502613378822826,4.502613378822826
1941-08-31,4.5411127421806965,,,4.5411127421806965,4.5411127421806965
1941-09-30,4.580314196121443,,,4.580314196121443,4.580314196121443
1941-10-31,4.60616400955526,,,4.60616400955526,4.60616400955526
1941-11-30,4.644663372913131,,,4.644663372913131,4.644663372913131
1941-12-31,4.748161838804666,,,4.748161838804666,4.748161838804666
1942-01-31,4.82641081092623,,,4.82641081092623,4.82641081092623
1942-02-28,4.8649101742841,,,4.8649101742841,4.8649101742841
1942-03-31,4.890809593796051,,,4.890809593796051,4.890809593796051
1942-04-30,4.904111628224847,,,4.904111628224847,4.904111628224847
1942-05-31,4.890809593796051,,,4.890809593796051,4.890809593796051
1942-06-30,4.916711572070765,,,4.916711572070765,4.916711572070765
1942-07-31,5.058709401320174,,,5.058709401320174,5.058709401320174
1942-08-31,5.097809084341888,,,5.097809084341888,5.097809084341888
1942-09-30,5.123708503853839,,,5.123708503853839,5.123708503853839
1942-10-31,5.136958373441737,,,5.136958373441737,5.136958373441737
1942-11-30,5.201307550233425,,,5.201307550233425,5.201307550233425
1942-12-31,5.279008367532041,,,5.279008367532041,5.279008367532041
1943-01-31,5.24050900417417,,,5.24050900417417,5.24050900417417
1943-02-28,5.304858180965858,,,5.304858180965858,5.304858180965858
1943-03-31,5.344007470065707,,,5.344007470065707,5.344007470065707
1943-04-30,5.408356646857395,,,5.408356646857395,5.408356646857395
1943-05-31,5.434256066369345,,,5.434256066369345,5.434256066369345
1943-06-30,5.537704926182748,,,5.537704926182748,5.537704926182748
1943-07-31,5.562954419952721,,,5.562954419952721,5.562954419952721
1943-08-31,5.602155873893467,,,5.602155873893467,5.602155873893467
1943-09-30,5.7189042093729,,,5.7189042093729,5.7189042093729
1943-10-31,5.732154078960798,,,5.732154078960798,5.732154078960798
1943-11-30,5.796503255752485,,,5.796503255752485,5.796503255752485
1943-12-31,5.796503255752485,,,5.796503255752485,5.796503255752485
1944-01-31,5.7580038923946155,,,5.7580038923946155,5.7580038923946155
1944-02-29,5.822402675264437,,,5.822402675264437,5.822402675264437
1944-03-31,5.92595330599687,,,5.92595330599687,5.92595330599687
1944-04-30,5.965052989018586,,,5.965052989018586,5.965052989018586
1944-05-31,5.9518031194306875,,,5.9518031194306875,5.9518031194306875
1944-06-30,5.93855324984279,,,5.93855324984279,5.93855324984279
1944-07-31,5.873501982468227,,,5.873501982468227,5.873501982468227
1944-08-31,5.912703436408973,,,5.912703436408973,5.912703436408973
1944-09-30,5.900001721644022,,,5.900001721644022,5.900001721644022
1944-10-31,5.874752227874049,,,5.874752227874049,5.874752227874049
1944-11-30,5.900001721644022,,,5.900001721644022,5.900001721644022
1944-12-31,5.92595330599687,,,5.92595330599687,5.92595330599687
1945-01-31,6.029402165810273,,,6.029402165810273,6.029402165810273
1945-02-28,6.042652035398171,,,6.042652035398171,6.042652035398171
1945-03-31,6.003552352376456,,,6.003552352376456,6.003552352376456
1945-04-30,6.003552352376456,,,6.003552352376456,6.003552352376456
1945-05-31,6.0553015853222245,,,6.0553015853222245,6.0553015853222245
1945-06-30,6.119650762113912,,,6.119650762113912,6.119650762113912
1945-07-31,6.0805510790921975,,,6.0805510790921975,6.0805510790921975
1945-08-31,5.990302482788558,,,5.990302482788558,5.990302482788558
1945-09-30,5.900001721644022,,,5.900001721644022,5.900001721644022
1945-10-31,5.874752227874049,,,5.874752227874049,5.874752227874049
1945-11-30,5.900001721644022,,,5.900001721644022,5.900001721644022
1945-12-31,5.965052989018586,,,5.965052989018586,5.965052989018586
1946-01-31,5.9518031194306875,,,5.9518031194306875,5.9518031194306875
1946-02-28,5.965052989018586,,,5.965052989018586,5.965052989018586
1946-03-31,5.965052989018586,,,5.965052989018586,5.965052989018586
1946-04-30,6.068551454910121,,,6.068551454910121,6.068551454910121
1946-05-31,6.093800948680094,,,6.093800948680094,6.093800948680094
1946-06-30,6.119650762113912,,,6.119650762113912,6.119650762113912
1946-07-31,6.2491008123582965,,,6.2491008123582965,6.2491008123582965
1946-08-31,6.36584914783773,,,6.36584914783773,6.36584914783773
1946-09-30,6.456698063805213,,,6.456698063805213,6.456698063805213
1946-10-31,6.534297110184799,,,6.534297110184799,6.534297110184799
1946-11-30,6.56019652969675,,,6.56019652969675,6.56019652969675
1946-12-31,6.586098507971464,,,6.586098507971464,6.586098507971464
1947-01-31,6.555195548073459,1.2837293753737689,,3.919462461723614,3.919462461723614
1947-02-28,6.518546749785256,1.2837293753737689,,3.9011380625795122,3.9011380625795122
1947-03-31,6.5197969951910775,1.2837293753737689,,3.901763185282423,3.901763185282423
1947-04-30,6.586098507971464,1.2931787110749244,,3.939638609523194,3.939638609523194
1947-05-31,6.626498042477136,1.2931787110749244,,3.9598383767760303,3.9598383767760303
1947-06-30,6.639747912065034,1.2931787110749244,,3.9664633115699792,3.9664633115699792
1947-07-31,6.6662476512408295,1.4383923651130655,,4.052320008176947,4.052320008176947
1947-08-31,6.794345685160359,1.4383923651130655,,4.116369025136713,4.116369025136713
1947-09-30,6.89729599622895,1.4383923651130655,,4.167844180671008,4.167844180671008
1947-10-31,6.936395679250664,1.6702425971639228,,4.303319138207293,4.303319138207293
1947-11-30,7.000794462120485,1.6702425971639228,,4.335518529642204,4.335518529642204
1947-12-31,7.191391107762037,1.6702425971639228,,4.43081685246298,4.43081685246298
1948-01-31,7.4343373060132,1.710854962106905,,4.572596134060053,4.572596134060053
1948-02-29,7.35923875044526,1.710854962106905,,4.535046856276082,4.535046856276082
1948-03-31,7.451390076659464,1.710854962106905,,4.581122519383184,4.581122519383184
1948-04-30,7.349191462251883,1.7880650811536802,,4.5686282717027815,4.5686282717027815
1948-05-31,7.299942720117762,1.7880650811536802,,4.544003900635721,4.544003900635721
1948-06-30,7.35169195306353,1.7880650811536802,,4.569878517108605,4.569878517108605
1948-07-31,7.429940925185093,1.7979242704568867,,4.61393259782099,4.61393259782099
1948-08-31,7.544841254357623,1.7979242704568867,,4.671382762407255,4.671382762407255
1948-09-30,7.660939664095078,1.7979242704568867,,4.729431967275983,4.729431967275983
1948-10-31,7.738588316552798,1.7368782434504837,,4.737733280001641,4.737733280001641
1948-11-30,7.828836912856437,1.7368782434504837,,4.78285757815346,4.78285757815346
1948-12-31,7.980284269398139,1.7368782434504837,,4.858581256424311,4.858581256424311
1949-01-31,8.042182561456315,1.6300421114497272,,4.836112336453021,4.836112336453021
1949-02-28,7.967034399810242,1.6300421114497272,,4.7985382556299845,4.7985382556299845
1949-03-31,7.916535412270296,1.6300421114497272,,4.7732887618600115,4.7732887618600115
1949-04-30,7.841436856702357,1.5887816576895313,,4.7151092571959445,4.7151092571959445
1949-05-31,7.765688375392438,1.5887816576895313,,4.677235016540985,4.677235016540985
1949-06-30,7.843989512354899,1.5887816576895313,,4.7163855850222145,4.7163855850222145
1949-07-31,7.947487978246436,1.6235850972903938,,4.785536537768415,4.785536537768415
1949-08-31,8.075586012165965,1.6235850972903938,,4.849585554728179,4.849585554728179
1949-09-30,8.113485055859991,1.6235850972903938,,4.868535076575192,4.868535076575192
1949-10-31,8.101485431677917,1.7479253394440506,,4.9247053855609835,4.9247053855609835
1949-11-30,8.268784919538195,1.7479253394440506,,5.008355129491123,5.008355129491123
1949-12-31,8.5754799749172,1.7479253394440506,,5.1617026571806255,5.1617026571806255
1950-01-31,8.830475403428572,1.8976243357747207,,5.364049869601646,5.364049869601646
1950-02-28,8.769279201953273,1.8976243357747207,,5.333451768863997,5.333451768863997
1950-03-31,8.874027913250632,1.8976243357747207,,5.385826124512676,5.385826124512676
1950-04-30,8.876528404062277,2.1161254432495693,,5.496326923655923,5.496326923655923
1950-05-31,8.94347984258464,2.1161254432495693,,5.5298026429171045,5.5298026429171045
1950-06-30,9.007829019376329,2.1161254432495693,,5.561977231312949,5.561977231312949
1950-07-31,9.046978308476179,2.3230369966713535,,5.685007652573766,5.685007652573766
1950-08-31,9.200926155829528,2.3230369966713535,,5.761981576250441,5.761981576250441
1950-09-30,9.303876466898116,2.3230369966713535,,5.8134567317847345,5.8134567317847345
1950-10-31,9.485623904911215,2.262757615009065,,5.87419075996014,5.87419075996014
1950-11-30,9.575222575472875,2.262757615009065,,5.91899009524097,5.91899009524097
1950-12-31,9.792371125131119,2.262757615009065,,6.027564370070092,6.027564370070092
1951-01-31,10.149565168050072,2.235706576370994,,6.192635872210533,6.192635872210533
1951-02-28,10.16666754477447,2.235706576370994,,6.201187060572732,6.201187060572732
1951-03-31,10.21966702312606,2.235706576370994,,6.227686799748527,6.227686799748527
1951-04-30,10.286568855570291,2.061920426789644,,6.174244641179968,6.174244641179968
1951-05-31,10.212070619666195,2.061920426789644,,6.136995523227919,6.136995523227919
1951-06-30,10.314968765893887,2.061920426789644,,6.188444596341766,6.188444596341766
1951-07-31,10.366717998839654,1.9964396497591659,,6.18157882429941,6.18157882429941
1951-08-31,10.533315396117057,1.9964396497591659,,6.264877522938112,6.264877522938112
1951-09-30,10.62361615726159,1.9964396497591659,,6.310027903510378,6.310027903510378
1951-10-31,10.585717113567567,2.0166990598221775,,6.3012080866948725,6.3012080866948725
1951-11-30,10.766214306174843,2.0166990598221775,,6.391456682998511,6.391456682998511
1951-12-31,10.930961138382578,2.0166990598221775,,6.473830099102377,6.473830099102377
1952-01-31,11.26235753270861,2.067265691549802,,6.664811612129206,6.664811612129206
1952-02-29,11.175859672622439,2.067265691549802,,6.62156268208612,6.62156268208612
1952-03-31,11.151260104594444,2.067265691549802,,6.609262898072123,6.609262898072123
1952-04-30,10.972663083134968,2.116847238588631,,6.5447551608618,6.5447551608618
1952-05-31,10.898164847230873,2.116847238588631,,6.507506042909752,6.507506042909752
1952-06-30,10.962514024022562,2.116847238588631,,6.539680631305597,6.539680631305597
1952-07-31,11.103911533608123,2.058724556052235,,6.581318044830179,6.581318044830179
1952-08-31,11.399909375051775,2.058724556052235,,6.729316965552005,6.729316965552005
1952-09-30,11.593656437246949,2.058724556052235,,6.826190496649592,6.826190496649592
1952-10-31,11.634058530515386,2.1839052259581657,,6.908981878236776,6.908981878236776
1952-11-30,11.724307126819024,2.1839052259581657,,6.954106176388595,6.954106176388595
1952-12-31,11.966052685742497,2.1839052259581657,,7.074978955850331,7.074978955850331
1953-01-31,12.14149929064835,2.2484243638836316,,7.19496182726599,7.19496182726599
1953-02-28,11.952152890412624,2.2484243638836316,,7.100288627148128,7.100288627148128
1953-03-31,12.069603316474932,2.2484243638836316,,7.159013840179282,7.159013840179282
1953-04-30,12.097953620720396,2.2687001453726343,,7.183326883046515,7.183326883046515
1953-05-31,12.101753963015996,2.2687001453726343,,7.185227054194315,7.185227054194315
1953-06-30,12.243754351028167,2.2687001453726343,,7.256227248200401,7.256227248200401
1953-07-31,12.385151860613728,2.248123970310368,,7.3166379154620484,7.3166379154620484
1953-08-31,12.460250416181669,2.248123970310368,,7.354187193246019,7.354187193246019
1953-09-30,12.460250416181669,2.248123970310368,,7.354187193246019,7.354187193246019
1953-10-31,12.43625116781752,2.2219911530516905,,7.329121160434605,7.329121160434605
1953-11-30,12.358652121437935,2.2219911530516905,,7.290321637244812,7.290321637244812
1953-12-31,12.560598465519583,2.2219911530516905,,7.391294809285636,7.391294809285636
1954-01-31,13.04724255868292,2.212104448985328,,7.629673503834123,7.629673503834123
1954-02-28,12.87049610229311,2.212104448985328,,7.54130027563922,7.54130027563922
1954-03-31,12.91154556254076,2.212104448985328,,7.561825005763044,7.561825005763044
1954-04-30,12.888796559582431,2.3070299340238996,,7.597913246803166,7.597913246803166
1954-05-31,12.775851125161363,2.3070299340238996,,7.541440529592632,7.541440529592632
1954-06-30,12.929848578592845,2.3070299340238996,,7.618439256308372,7.618439256308372
1954-07-31,13.146944963410192,2.4346037713746442,,7.790774367392418,7.790774367392418
1954-08-31,13.324291739463845,2.4346037713746442,,7.879447755419244,7.879447755419244
1954-09-30,13.415842746014203,2.4346037713746442,,7.925223258694423,7.925223258694423
1954-10-31,13.497842454353236,2.5380643852403537,,8.017953419796795,8.017953419796795
1954-11-30,13.602643330491492,2.5380643852403537,,8.070353857865923,8.070353857865923
1954-12-31,13.983836621774596,2.5380643852403537,,8.260950503507475,8.260950503507475
1955-01-31,14.159332832758581,2.688363247326274,,8.423848040042428,8.423848040042428
1955-02-28,14.293133938884278,2.688363247326274,,8.490748593105277,8.490748593105277
1955-03-31,14.399185060428358,2.688363247326274,,8.543774153877315,8.543774153877315
1955-04-30,14.38968592705793,2.7837909963731318,,8.58673846171553,8.58673846171553
1955-05-31,14.29058812312584,2.7837909963731318,,8.537189559749486,8.537189559749486
1955-06-30,14.366936924099601,2.7837909963731318,,8.575363960236366,8.575363960236366
1955-07-31,14.570183119665206,2.810728974266572,,8.690456046965888,8.690456046965888
1955-08-31,15.109176765438155,2.810728974266572,,8.959952869852364,8.959952869852364
1955-09-30,15.26572687452218,2.810728974266572,,9.038227924394375,9.038227924394375
1955-10-31,15.206378679353783,2.7766406541007296,,8.991509666727257,8.991509666727257
1955-11-30,15.31052962975006,2.7766406541007296,,9.043585141925394,9.043585141925394
1955-12-31,15.781971517336801,2.7766406541007296,,9.279306085718765,9.279306085718765
1956-01-31,16.086267852823195,2.7580316010130033,,9.422149726918098,9.422149726918098
1956-02-29,16.07801896485859,2.7580316010130033,,9.418025282935796,9.418025282935796
1956-03-31,16.05526996190026,2.7580316010130033,,9.406650781456632,9.406650781456632
1956-04-30,16.020573499600758,2.8019055868043883,,9.411239543202573,9.411239543202573
1956-05-31,16.050873581072153,2.8019055868043883,,9.42638958393827,9.42638958393827
1956-06-30,16.0881226990242,2.8019055868043883,,9.445014142914294,9.445014142914294
1956-07-31,16.148721139598422,2.8040549261531416,,9.476388032875782,9.476388032875782
1956-08-31,16.32481767024625,2.8040549261531416,,9.564436298199697,9.564436298199697
1956-09-30,16.287568552294204,2.8040549261531416,,9.545811739223673,9.545811739223673
1956-10-31,16.241470226713705,2.782894243948248,,9.512182235330977,9.512182235330977
1956-11-30,16.29452186990619,2.782894243948248,,9.53870805692722,9.53870805692722
1956-12-31,16.68771478537137,2.782894243948248,,9.73530451465981,9.73530451465981
1957-01-31,17.146608893953086,2.774856217963931,,9.960732555958508,9.960732555958508
1957-02-28,17.12576006214256,2.774856217963931,,9.950308140053245,9.950308140053245
1957-03-31,17.025362406726515,2.774856217963931,,9.900109312345222,9.900109312345222
1957-04-30,16.95281650681112,2.7416760645399965,,9.84724628567556,9.84724628567556
1957-05-31,16.880218442054826,2.7416760645399965,,9.81094725329741,9.81094725329741
1957-06-30,16.981216417134718,2.7416760645399965,,9.861446240837356,9.861446240837356
1957-07-31,17.455210960374,2.759284519267265,,10.107247739820632,10.107247739820632
1957-08-31,17.773305320271234,2.759284519267265,,10.26629491976925,10.26629491976925
1957-09-30,17.567558633893988,2.759284519267265,,10.163421576580626,10.163421576580626
1957-10-31,17.367462854882007,2.7336764412119203,,10.050569648046963,10.050569648046963
1957-11-30,17.49876347019606,2.7336764412119203,,10.11621995570399,10.11621995570399
1957-12-31,17.787805435264957,2.7336764412119203,,10.260740938238438,10.260740938238438
1958-01-31,18.103999624014392,2.5836343419541956,,10.343816982984293,10.343816982984293
1958-02-28,17.99235404107728,2.5836343419541956,,10.287994191515738,10.287994191515738
1958-03-31,17.892005991739367,2.5836343419541956,,10.237820166846781,10.237820166846781
1958-04-30,17.52271055371931,2.5602551882696956,,10.041482870994503,10.041482870994503
1958-05-31,17.398415420858147,2.5602551882696956,,9.979335304563921,9.979335304563921
1958-06-30,17.70576040197913,2.5602551882696956,,10.133007795124414,10.133007795124414
1958-07-31,17.9853553985185,2.6679979967725136,,10.326676697645507,10.326676697645507
1958-08-31,18.44484982676406,2.6679979967725136,,10.556423911768286,10.556423911768286
1958-09-30,18.562900572490214,2.6679979967725136,,10.615449284631364,10.615449284631364
1958-10-31,18.33820522545024,2.8864907071581256,,10.612347966304181,10.612347966304181
1958-11-30,18.353305660107807,2.8864907071581256,,10.619898183632966,10.619898183632966
1958-12-31,18.95294735253311,2.8864907071581256,,10.919719029845616,10.919719029845616
1959-01-31,19.591038802238145,3.1363721700210734,,11.363705486129609,11.363705486129609
1959-02-28,19.493191243711877,3.1363721700210734,,11.314781706866475,11.314781706866475
1959-03-31,19.522243638540218,3.1363721700210734,,11.329307904280645,11.329307904280645
1959-04-30,19.361297148628086,3.2476769839826076,,11.304487066305347,11.304487066305347
1959-05-31,19.443949341471864,3.2476769839826076,,11.345813162727236,11.345813162727236
1959-06-30,19.84029267349066,3.2476769839826076,,11.543984828736633,11.543984828736633
1959-07-31,20.145839254382878,3.2397813036887326,,11.692810279035806,11.692810279035806
1959-08-31,20.241734476920445,3.2397813036887326,,11.74075789030459,11.74075789030459
1959-09-30,20.501783051896005,3.2397813036887326,,11.87078217779237,11.87078217779237
1959-10-31,20.020842030938837,3.1799318604047366,,11.600386945671787,11.600386945671787
1959-11-30,20.088341624284148,3.1799318604047366,,11.634136742344442,11.634136742344442
1959-12-31,20.842633254645673,3.1799318604047366,,12.011282557525204,12.011282557525204
1960-01-31,21.298324781832868,3.2892245987152204,,12.293774690274045,12.293774690274045
1960-02-29,21.239576906328317,3.2892245987152204,,12.26440075252177,12.26440075252177
1960-03-31,21.475626232939728,3.2892245987152204,,12.382425415827473,12.382425415827473
1960-04-30,21.09568318706245,3.1369640647259853,,12.116323625894218,12.116323625894218
1960-05-31,20.686739911197733,3.1369640647259853,,11.91185198796186,11.91185198796186
1960-06-30,20.992184721170915,3.1369640647259853,,12.064574392948451,12.064574392948451
1960-07-31,21.271179398046435,3.057342092275909,,12.164260745161172,12.164260745161172
1960-08-31,21.754673074656147,3.057342092275909,,12.406007583466028,12.406007583466028
1960-09-30,21.82027249685366,3.057342092275909,,12.438807294564786,12.438807294564786
1960-10-31,21.302082357944442,3.0517577467956234,,12.176920052370033,12.176920052370033
1960-11-30,21.214984178194427,3.0517577467956234,,12.133370962495025,12.133370962495025
1960-12-31,21.606926848253785,3.0517577467956234,,12.329342297524704,12.329342297524704
1961-01-31,22.125116987162997,3.0359294492927487,,12.580523218227873,12.580523218227873
1961-02-28,21.937670758075072,3.0359294492927487,,12.48680010368391,12.48680010368391
1961-03-31,21.799423665043136,3.0359294492927487,,12.417676557167942,12.417676557167942
1961-04-30,21.80822754772479,3.074885040086898,,12.441556293905844,12.441556293905844
1961-05-31,22.046829529988745,3.074885040086898,,12.560857285037821,12.560857285037821
1961-06-30,22.234325365154803,3.074885040086898,,12.65460520262085,12.65460520262085
1961-07-31,22.486770696776397,3.1921391541282547,,12.839454925452326,12.839454925452326
1961-08-31,23.176660985505336,3.1921391541282547,,13.184400069816796,13.184400069816796
1961-09-30,23.359008743182287,3.1921391541282547,,13.275573948655271,13.275573948655271
1961-10-31,22.984118843769192,3.295483103247075,,13.139800973508134,13.139800973508134
1961-11-30,22.83327180689134,3.295483103247075,,13.064377455069208,13.064377455069208
1961-12-31,23.340712567024298,3.295483103247075,,13.318097835135687,13.318097835135687
1962-01-31,24.207949631806898,3.360076811125254,,13.784013221466076,13.784013221466076
1962-02-28,23.85260615395761,3.360076811125254,,13.606341482541431,13.606341482541431
1962-03-31,23.869658924603876,3.360076811125254,,13.614867867864564,13.614867867864564
1962-04-30,23.387415493399985,3.461005704378683,,13.424210598889333,13.424210598889333
1962-05-31,23.535716714519403,3.461005704378683,,13.498361209449042,13.498361209449042
1962-06-30,24.00721076694704,3.461005704378683,,13.73410823566286,13.73410823566286
1962-07-31,24.46675480127074,3.4732885686189165,,13.970021684944827,13.970021684944827
1962-08-31,24.74189697100976,3.4732885686189165,,14.107592769814337,14.107592769814337
1962-09-30,24.781698744614346,3.4732885686189165,,14.12749365661663,14.12749365661663
1962-10-31,24.34300782323252,3.46122498922833,,13.902116406230425,13.902116406230425
1962-11-30,24.399810202642474,3.46122498922833,,13.930517595935402,13.930517595935402
1962-12-31,24.868151279753725,3.46122498922833,,14.164688134491028,14.164688134491028
1963-01-31,25.82683758016765,3.5437146106749045,,14.685276095421276,14.685276095421276
1963-02-28,25.84764108703138,3.5437146106749045,,14.695677848853142,14.695677848853142
1963-03-31,25.501796742552525,3.5437146106749045,,14.522755676613714,14.522755676613714
1963-04-30,24.994953743320636,3.737441504577048,,14.366197623948842,14.366197623948842
1963-05-31,25.140754473628412,3.737441504577048,,14.43909798910273,14.43909798910273
1963-06-30,25.611648206392204,3.737441504577048,,14.674544855484626,14.674544855484626
1963-07-31,26.087536080885187,3.7929901252258595,,14.940263103055523,14.940263103055523
1963-08-31,26.58362970134082,3.7929901252258595,,15.188309913283339,15.188309913283339
1963-09-30,26.51353212739617,3.7929901252258595,,15.153261126311016,15.153261126311016
1963-10-31,25.950546073153177,3.9271467836919856,,14.93884642842258,14.93884642842258
1963-11-30,25.918350101665318,3.9271467836919856,,14.922748442678651,14.922748442678651
1963-12-31,26.56403795483022,3.9271467836919856,,15.245592369261102,15.245592369261102
1964-01-31,27.635121534842263,4.089069399461119,,15.86209546715169,15.86209546715169
1964-02-29,27.24508159469347,4.089069399461119,,15.667075497077295,15.667075497077295
1964-03-31,27.31323111378076,4.089069399461119,,15.701150256620938,15.701150256620938
1964-04-30,27.323935167610223,4.034997762753829,,15.679466465182026,15.679466465182026
1964-05-31,27.328988314074408,4.034997762753829,,15.681993038414118,15.681993038414118
1964-06-30,27.91723070198148,4.034997762753829,,15.976114232367655,15.976114232367655
1964-07-31,28.894915269136263,4.047619703166378,,16.47126748615132,16.47126748615132
1964-08-31,29.286257619531767,4.047619703166378,,16.66693866134907,16.66693866134907
1964-09-30,29.01041335920987,4.047619703166378,,16.529016531188123,16.529016531188123
1964-10-31,28.318627180464468,4.09426538150618,,16.206446280985325,16.206446280985325
1964-11-30,27.97593325253924,4.09426538150618,,16.03509931702271,16.03509931702271
1964-12-31,28.8930193791198,4.09426538150618,,16.49364238031299,16.49364238031299
1965-01-31,29.408659421139237,4.201632171245023,,16.80514579619213,16.80514579619213
1965-02-28,29.159964825735113,4.201632171245023,,16.680798498490066,16.680798498490066
1965-03-31,29.357514788988652,4.201632171245023,,16.779573480116838,16.779573480116838
1965-04-30,29.254620923892304,4.289612651315334,,16.77211678760382,16.77211678760382
1965-05-31,28.922026449001343,4.289612651315334,,16.605819550158337,16.605819550158337
1965-06-30,29.507066255513895,4.289612651315334,,16.898339453414614,16.898339453414614
1965-07-31,30.03160511123992,4.367335344451961,,17.19947022784594,17.19947022784594
1965-08-31,30.62929446767652,4.367335344451961,,17.49831490606424,17.49831490606424
1965-09-30,30.845197053060282,4.367335344451961,,17.60626619875612,17.60626619875612
1965-10-31,30.325711343798446,4.4662985512967,,17.396004947547574,17.396004947547574
1965-11-30,29.82837003669976,4.4662985512967,,17.14733429399823,17.14733429399823
1965-12-31,30.627405417554165,4.4662985512967,,17.546851984425434,17.546851984425434
1966-01-31,31.25984340113117,4.572625704246914,,17.91623455268904,17.91623455268904
1966-02-28,31.473195889625153,4.572625704246914,,18.02291079693603,18.02291079693603
1966-03-31,31.29834960438314,4.572625704246914,,17.935487654315025,17.935487654315025
1966-04-30,30.924657785534976,4.503106685559159,,17.713882235547068,17.713882235547068
1966-05-31,30.917061382075115,4.503106685559159,,17.710084033817136,17.710084033817136
1966-06-30,31.71045013669559,4.503106685559159,,18.106778411127376,18.106778411127376
1966-07-31,33.275727166015464,4.432739733245904,,18.854233449630684,18.854233449630684
1966-08-31,33.80781710025455,4.432739733245904,,19.120278416750228,19.120278416750228
1966-09-30,33.28962696134534,4.432739733245904,,18.861183347295622,18.861183347295622
1966-10-31,32.227997189756934,4.238085165637131,,18.233041177697032,18.233041177697032
1966-11-30,32.18510144557096,4.238085165637131,,18.211593305604044,18.211593305604044
1966-12-31,32.892637984715904,4.238085165637131,,18.565361575176517,18.565361575176517
1967-01-31,33.70772877193578,4.155120740271431,,18.931424756103603,18.931424756103603
1967-02-28,33.47205693862554,4.155120740271431,,18.813588839448485,18.813588839448485
1967-03-31,32.810750833939636,4.155120740271431,,18.482935787105532,18.482935787105532
1967-04-30,33.3832258212806,4.4201525156010275,,18.90168916844081,18.90168916844081
1967-05-31,32.68034723635718,4.4201525156010275,,18.5502498759791,18.5502498759791
1967-06-30,33.1958400869214,4.4201525156010275,,18.807996301261213,18.807996301261213
1967-07-31,33.81356600138664,4.574014505307024,,19.193790253346833,19.193790253346833
1967-08-31,33.76095651696441,4.574014505307024,,19.16748551113572,19.16748551113572
1967-09-30,33.39368949782195,4.574014505307024,,18.98385200156449,18.98385200156449
1967-10-31,34.08726458451652,4.834137785217834,,19.460701184867176,19.460701184867176
1967-11-30,34.36214277689516,4.834137785217834,,19.598140281056498,19.598140281056498
1967-12-31,35.71240865664993,4.834137785217834,,20.27327322093388,20.27327322093388
1968-01-31,36.29249249368563,4.970050300856653,,20.631271397271142,20.631271397271142
1968-02-29,35.75609042179775,4.970050300856653,,20.363070361327203,20.363070361327203
1968-03-31,35.91565520460759,4.970050300856653,,20.442852752732122,20.442852752732122
1968-04-30,35.114176076912514,5.061132671845567,,20.087654374379042,20.087654374379042
1968-05-31,35.1536225200834,5.061132671845567,,20.107377595964486,20.107377595964486
1968-06-30,36.41216877014371,5.061132671845567,,20.73665072099464,20.73665072099464
1968-07-31,36.536816702674656,5.169403768879981,,20.85311023577732,20.85311023577732
1968-08-31,37.33240448169681,5.169403768879981,,21.250904125288397,21.250904125288397
1968-09-30,37.20862651370392,5.169403768879981,,21.18901514129195,21.18901514129195
1968-10-31,36.32371283254698,5.423553281350866,,20.873633056948925,20.873633056948925
1968-11-30,36.752993950055654,5.423553281350866,,21.088273615703258,21.088273615703258
1968-12-31,38.7011907259269,5.423553281350866,,22.062372003638885,22.062372003638885
1969-01-31,39.26948750048892,5.674119146423585,,22.471803323456253,22.471803323456253
1969-02-28,39.19917979680167,5.674119146423585,,22.43664947161263,22.43664947161263
1969-03-31,39.05949026635513,5.674119146423585,,22.366804706389356,22.366804706389356
1969-04-30,38.05178388567663,5.738344818837494,,21.895064352257062,21.895064352257062
1969-05-31,37.67159928371349,5.738344818837494,,21.704972051275494,21.704972051275494
1969-06-30,39.32618575780184,5.738344818837494,,22.532265288319667,22.532265288319667
1969-07-31,40.574789684939745,5.806581008412491,,23.19068534667612,23.19068534667612
1969-08-31,41.34375637455247,5.806581008412491,,23.57516869148248,23.57516869148248
1969-09-30,40.227637911486774,5.806581008412491,,23.017109459949634,23.017109459949634
1969-10-31,39.574036452275834,5.640401422735638,,22.607218937505735,22.607218937505735
1969-11-30,40.38983963272018,5.640401422735638,,23.01512052772791,23.01512052772791
1969-12-31,41.08225447511607,5.640401422735638,,23.361327948925855,23.361327948925855
1970-01-31,42.04330096078972,5.649892664710251,,23.846596812749986,23.846596812749986
1970-02-28,41.778963784218114,5.649892664710251,,23.714428224464182,23.714428224464182
1970-03-31,41.59958729849375,5.649892664710251,,23.624739981602,23.624739981602
1970-04-30,41.02737816086443,5.589862707311337,,23.308620434087885,23.308620434087885
1970-05-31,41.29548269580412,5.589862707311337,,23.442672701557726,23.442672701557726
1970-06-30,41.47236082628825,5.589862707311337,,23.531111766799796,23.531111766799796
1970-07-31,42.79036522591214,5.704517781216847,,24.247441503564495,24.247441503564495
1970-08-31,43.85433571223227,5.704517781216847,,24.77942674672456,24.77942674672456
1970-09-30,43.38992075198455,5.704517781216847,,24.5472192666007,24.5472192666007
1970-10-31,41.56825485683084,5.997349044245986,,23.782801950538413,23.782801950538413
1970-11-30,41.85342237267774,5.997349044245986,,23.925385708461864,23.925385708461864
1970-12-31,42.40267182601346,5.997349044245986,,24.200010435129723,24.200010435129723
1971-01-31,44.33401166878937,6.332176090130354,,25.333093879459863,25.333093879459863
1971-02-28,43.91435914916601,6.332176090130354,,25.123267619648182,25.123267619648182
1971-03-31,43.31395549382107,6.332176090130354,,24.82306579197571,24.82306579197571
1971-04-30,42.73760234769644,6.84535928594048,,24.79148081681846,24.79148081681846
1971-05-31,42.641825152639214,6.84535928594048,,24.743592219289848,24.743592219289848
1971-06-30,44.15111351710682,6.84535928594048,,25.498236401523652,25.498236401523652
1971-07-31,44.84512556586271,7.156385825372012,,26.00075569561736,26.00075569561736
1971-08-31,45.10494354420229,7.156385825372012,,26.130664684787153,26.130664684787153
1971-09-30,44.940932348086136,7.156385825372012,,26.048659086729074,26.048659086729074
1971-10-31,44.50809550710961,7.474437091927031,,25.99126629951832,25.99126629951832
1971-11-30,44.20680432149956,7.474437091927031,,25.840620706713295,25.840620706713295
1971-12-31,44.86015447036699,7.474437091927031,,26.16729578114701,26.16729578114701
1972-01-31,46.856524631226335,7.977443667487499,,27.416984149356917,27.416984149356917
1972-02-29,48.508528996072656,7.977443667487499,,28.242986331780077,28.242986331780077
1972-03-31,47.55427281638305,7.977443667487499,,27.765858241935273,27.765858241935273
1972-04-30,45.8618206729076,8.169858213099307,,27.01583944300345,27.01583944300345
1972-05-31,44.38476352301501,8.169858213099307,,26.277310868057157,26.277310868057157
1972-06-30,45.063849542975376,8.169858213099307,,26.61685387803734,26.61685387803734
1972-07-31,45.59661497899121,8.345373039707003,,26.970994009349106,26.970994009349106
1972-08-31,47.3554164993419,8.345373039707003,,27.85039476952445,27.85039476952445
1972-09-30,47.074637273227594,8.345373039707003,,27.710005156467297,27.710005156467297
1972-10-31,46.29913100356973,8.87021083130936,,27.584670917439542,27.584670917439542
1972-11-30,47.909112707145404,8.87021083130936,,28.38966176922738,28.38966176922738
1972-12-31,50.357921390939815,8.87021083130936,,29.614066111124586,29.614066111124586
1973-01-31,52.39235613948943,9.301637922160658,,30.846997030825044,30.846997030825044
1973-02-28,51.64117477425794,9.301637922160658,,30.4714063482093,30.4714063482093
1973-03-31,49.7702810582624,9.301637922160658,,29.53595949021153,29.53595949021153
1973-04-30,48.045626114997845,9.304796527938965,,28.675211321468403,28.675211321468403
1973-05-31,47.396350562033525,9.304796527938965,,28.350573544986247,28.350573544986247
1973-06-30,48.950418893260846,9.304796527938965,,29.127607710599904,29.127607710599904
1973-07-31,49.563160665464366,9.354063080161195,,29.45861187281278,29.45861187281278
1973-08-31,50.662418688282415,9.354063080161195,,30.008240884221806,30.008240884221806
1973-09-30,50.850850006618046,9.354063080161195,,30.10245654338962,30.10245654338962
1973-10-31,49.2190341483672,9.2590306291841,,29.239032388775648,29.239032388775648
1973-11-30,49.20598028913638,9.2590306291841,,29.232505459160237,29.232505459160237
1973-12-31,48.68909356289447,9.2590306291841,,28.974062096039283,28.974062096039283
1974-01-31,50.74869451202865,9.078857689560364,,29.913776100794507,29.913776100794507
1974-02-28,49.79063367770452,9.078857689560364,,29.434745683632443,29.434745683632443
1974-03-31,49.41075319650349,9.078857689560364,,29.24480544303193,29.24480544303193
1974-04-30,48.25933861185375,9.091423934499403,,28.675381273176576,28.675381273176576
1974-05-31,47.88662457797176,9.091423934499403,,28.48902425623558,28.48902425623558
1974-06-30,48.467749493861845,9.091423934499403,,28.779586714180624,28.779586714180624
1974-07-31,50.78173264122126,9.189206506295244,,29.98546957375825,29.98546957375825
1974-08-31,51.061575514959856,9.189206506295244,,30.12539101062755,30.12539101062755
1974-09-30,49.2236977485212,9.189206506295244,,29.20645212740822,29.20645212740822
1974-10-31,49.1126571451658,8.681259675102108,,28.896958410133955,28.896958410133955
1974-11-30,48.87366274181979,8.681259675102108,,28.77746120846095,28.77746120846095
1974-12-31,51.42416388578796,8.681259675102108,,30.052711780445037,30.052711780445037
1975-01-31,52.28435678029335,8.433739582722,,30.359048181507674,30.359048181507674
1975-02-28,52.02176011078498,8.433739582722,,30.22774984675349,30.22774984675349
1975-03-31,51.511943794805376,8.433739582722,,29.972841688763687,29.972841688763687
1975-04-30,50.81811037383645,8.64285100980058,,29.730480691818514,29.730480691818514
1975-05-31,48.77772274271937,8.64285100980058,,28.710286876259975,28.710286876259975
1975-06-30,48.783576618748654,8.64285100980058,,28.713213814274617,28.713213814274617
1975-07-31,50.691342110982134,9.093005174879615,,29.892173642930874,29.892173642930874
1975-08-31,51.78014737390828,9.093005174879615,,30.436576274393946,30.436576274393946
1975-09-30,50.27992517350859,9.093005174879615,,29.6864651741941,29.6864651741941
1975-10-31,48.899281894598104,9.510729305393802,,29.205005599995953,29.205005599995953
1975-11-30,49.111770953669634,9.510729305393802,,29.311250129531718,29.311250129531718
1975-12-31,52.799808947818306,9.510729305393802,,31.155269126606054,31.155269126606054
1976-01-31,56.45081511964921,10.198624515171037,,33.32471981741012,33.32471981741012
1976-02-29,54.09866756645727,10.198624515171037,,32.14864604081416,32.14864604081416
1976-03-31,52.324178008382226,10.198624515171037,,31.261401261776633,31.261401261776633
1976-04-30,50.46843758186766,10.637830965149078,,30.55313427350837,30.55313427350837
1976-05-31,49.397671499231805,10.637830965149078,,30.01775123219044,30.01775123219044
1976-06-30,50.88788740764001,10.637830965149078,,30.762859186394543,30.762859186394543
1976-07-31,52.34510772620246,10.792202372193879,,31.568655049198167,31.568655049198167
1976-08-31,53.113614757304056,10.792202372193879,,31.952908564748967,31.952908564748967
1976-09-30,52.22298189896671,10.792202372193879,,31.507592135580293,31.507592135580293
1976-10-31,51.54478675163945,11.842008229787766,,31.693397490713608,31.693397490713608
1976-11-30,54.81995630502044,11.842008229787766,,33.3309822674041,33.3309822674041
1976-12-31,58.745504697328926,11.842008229787766,,35.293756463558346,35.293756463558346
1977-01-31,61.10147691568319,12.50044217489661,,36.8009595452899,36.8009595452899
1977-02-28,57.82566358326309,12.50044217489661,,35.16305287907985,35.16305287907985
1977-03-31,54.29618274459357,12.50044217489661,,33.39831245974509,33.39831245974509
1977-04-30,52.46221185008554,13.775999623786024,,33.11910573693578,33.11910573693578
1977-05-31,52.319305386846366,13.775999623786024,,33.047652505316194,33.047652505316194
1977-06-30,54.1591183979226,13.775999623786024,,33.96755901085431,33.96755901085431
1977-07-31,56.18051859334737,14.227586831943437,,35.20405271264541,35.20405271264541
1977-08-31,55.795926957126824,14.227586831943437,,35.01175689453513,35.01175689453513
1977-09-30,54.581231600941955,14.227586831943437,,34.404409216442694,34.404409216442694
1977-10-31,53.37157319226199,14.649351911224613,,34.0104625517433,34.0104625517433
1977-11-30,53.55871199103175,14.649351911224613,,34.10403195112818,34.10403195112818
1977-12-31,57.735147214436516,14.649351911224613,,36.19224956283057,36.19224956283057
1978-01-31,60.65663788177333,15.129012142875926,,37.89282501232463,37.89282501232463
1978-02-28,60.619684813102594,15.129012142875926,,37.87434847798926,37.87434847798926
1978-03-31,57.76361299899243,15.129012142875926,,36.446312570934175,36.446312570934175
1978-04-30,53.454860753469276,16.418608386674457,,34.93673457007186,34.93673457007186
1978-05-31,53.304955138879095,16.418608386674457,,34.86178176277677,34.86178176277677
1978-06-30,55.17060013765068,16.418608386674457,,35.794604262162565,35.794604262162565
1978-07-31,55.92872495584551,17.131407914715044,,36.530066435280276,36.530066435280276
1978-08-31,57.31494373441327,17.131407914715044,,37.22317582456416,37.22317582456416
1978-09-30,56.35222194911191,17.131407914715044,,36.741814931913474,36.741814931913474
1978-10-31,54.74893433611972,17.7222151042522,,36.23557472018596,36.23557472018596
1978-11-30,55.75820822078789,17.7222151042522,,36.740211662520046,36.740211662520046
1978-12-31,58.989767087621885,17.7222151042522,,38.35599109593704,38.35599109593704
1979-01-31,63.47655270721078,17.9843250196751,,40.73043886344294,40.73043886344294
1979-02-28,64.12560442140337,17.9843250196751,,41.05496472053923,41.05496472053923
1979-03-31,60.31210195461212,17.9843250196751,,39.14821348714361,39.14821348714361
1979-04-30,57.56798554292259,18.31228465673466,,37.94013509982862,37.94013509982862
1979-05-31,54.889199171776504,18.31228465673466,,36.60074191425558,36.60074191425558
1979-06-30,55.367744586405244,18.31228465673466,,36.84001462156995,36.84001462156995
1979-07-31,55.882543916671125,18.900798695491506,,37.391671306081314,37.391671306081314
1979-08-31,57.42219756005717,18.900798695491506,,38.16149812777434,38.16149812777434
1979-09-30,55.53671441276788,18.900798695491506,,37.21875655412969,37.21875655412969
1979-10-31,55.24215811153387,18.880740623763046,,37.06144936764846,37.06144936764846
1979-11-30,56.36525970818158,18.880740623763046,,37.623000165972314,37.623000165972314
1979-12-31,58.48333979674396,18.880740623763046,,38.682040210253504,38.682040210253504
1980-01-31,60.614128031575646,18.559787405806215,,39.58695771869093,39.58695771869093
1980-02-29,61.37475457253108,18.559787405806215,,39.96727098916865,39.96727098916865
1980-03-31,60.05719017328258,18.559787405806215,,39.3084887895444,39.3084887895444
1980-04-30,55.38629857360603,16.62245891515135,,36.004378744378684,36.004378744378684
1980-05-31,53.30374263772116,16.62245891515135,,34.96310077643625,34.96310077643625
1980-06-30,54.5917134508007,16.62245891515135,,35.60708618297602,35.60708618297602
1980-07-31,58.66856437453758,17.317232148276496,,37.992898261407035,37.992898261407035
1980-08-31,59.757305273202135,17.317232148276496,,38.53726871073931,38.53726871073931
1980-09-30,58.84167299985164,17.317232148276496,,38.079452574064064,38.079452574064064
1980-10-31,57.13698391925226,18.750477976952865,,37.94373094810256,37.94373094810256
1980-11-30,58.088398314689876,18.750477976952865,,38.419438145821374,38.419438145821374
1980-12-31,61.6366776258112,18.750477976952865,,40.193577801382034,40.193577801382034
1981-01-31,64.04955839403864,19.138329192125106,,41.59394379308188,41.59394379308188
1981-02-28,60.526964646356745,19.138329192125106,,39.83264691924093,39.83264691924093
1981-03-31,59.29020689521412,19.138329192125106,,39.21426804366961,39.21426804366961
1981-04-30,56.39551891864369,19.36053446880122,,37.878026693722454,37.878026693722454
1981-05-31,55.8946442517496,19.36053446880122,,37.62758936027541,37.62758936027541
1981-06-30,58.722906912121125,19.36053446880122,,39.041720690461176,39.041720690461176
1981-07-31,60.6556765153063,19.07027158096656,,39.86297404813643,39.86297404813643
1981-08-31,60.04530444864095,19.07027158096656,,39.557788014803755,39.557788014803755
1981-09-30,57.52589554702912,19.07027158096656,,38.29808356399784,38.29808356399784
1981-10-31,57.070132399274634,18.65194377185813,,37.86103808556638,37.86103808556638
1981-11-30,57.31077528945151,18.65194377185813,,37.98135953065482,37.98135953065482
1981-12-31,61.66444170498825,18.65194377185813,,40.15819273842319,40.15819273842319
1982-01-31,65.15659764241992,18.19506150520462,,41.67582957381227,41.67582957381227
1982-02-28,61.182854950248526,18.19506150520462,,39.68895822772657,39.68895822772657
1982-03-31,58.99296368549348,18.19506150520462,,38.59401259534905,38.59401259534905
1982-04-30,56.25395486388339,17.846602808513353,,37.05027883619837,37.05027883619837
1982-05-31,53.36601422594569,17.846602808513353,,35.60630851722952,35.60630851722952
1982-06-30,54.85717062947111,17.846602808513353,,36.35188671899223,36.35188671899223
1982-07-31,56.77019287081764,17.673208845065467,,37.221700857941556,37.221700857941556
1982-08-31,56.680254255210805,17.673208845065467,,37.176731550138136,37.176731550138136
1982-09-30,55.21575357498726,17.673208845065467,,36.44448121002637,36.44448121002637
1982-10-31,54.17372333498437,18.20952054117749,,36.19162193808093,36.19162193808093
1982-11-30,55.712535669015004,18.20952054117749,,36.96102810509625,36.96102810509625
1982-12-31,57.11382007517946,18.20952054117749,,37.66167030817847,37.66167030817847
1983-01-31,60.56894733025203,19.58502680384167,,40.07698706704685,40.07698706704685
1983-02-28,56.51621164398198,19.58502680384167,,38.05061922391182,38.05061922391182
1983-03-31,56.62147680734166,19.58502680384167,,38.10325180559167,38.10325180559167
1983-04-30,55.04036716199829,20.90662188692238,,37.973494524460335,37.973494524460335
1983-05-31,52.6419104898952,20.90662188692238,,36.77426618840879,36.77426618840879
1983-06-30,53.798242209785805,20.90662188692238,,37.35243204835409,37.35243204835409
1983-07-31,57.819320776323465,22.487684214545077,,40.15350249543427,40.15350249543427
1983-08-31,60.80535179684294,22.487684214545077,,41.646518005694006,41.646518005694006
1983-09-30,58.88529598265081,22.487684214545077,,40.68649009859794,40.68649009859794
1983-10-31,56.42824971114086,23.729506273174252,,40.07887799215756,40.07887799215756
1983-11-30,57.60063877055898,23.729506273174252,,40.66507252186662,40.66507252186662
1983-12-31,63.81984674115991,23.729506273174252,,43.77467650716708,43.77467650716708
1984-01-31,67.43889323168496,24.554170387265454,,45.99653180947521,45.99653180947521
1984-02-29,63.34073006847304,24.554170387265454,,43.94745022786925,43.94745022786925
1984-03-31,62.646372185134084,24.554170387265454,,43.60027128619977,43.60027128619977
1984-04-30,59.632025683836005,25.454366642603414,,42.54319616321971,42.54319616321971
1984-05-31,58.8020026027049,25.454366642603414,,42.12818462265416,42.12818462265416
1984-06-30,59.991827925999374,25.454366642603414,,42.723097284301396,42.723097284301396
1984-07-31,60.47770144440018,25.789766414131194,,43.13373392926569,43.13373392926569
1984-08-31,61.627582348952984,25.789766414131194,,43.70867438154209,43.70867438154209
1984-09-30,59.21514306591928,25.789766414131194,,42.502454740025236,42.502454740025236
1984-10-31,57.55417241792472,26.223449658497145,,41.88881103821093,41.88881103821093
1984-11-30,59.14624881525768,26.223449658497145,,42.68484923687741,42.68484923687741
1984-12-31,61.64150233600094,26.223449658497145,,43.93247599724904,43.93247599724904
1985-01-31,67.49274568041723,26.49522351969481,,46.993984600056024,46.993984600056024
1985-02-28,67.70940604835405,26.49522351969481,,47.10231478402443,47.10231478402443
1985-03-31,62.16341180636573,26.49522351969481,,44.32931766303027,44.32931766303027
1985-04-30,60.02620923407886,26.844517860014324,,43.43536354704659,43.43536354704659
1985-05-31,58.896503044337955,26.844517860014324,,42.87051045217614,42.87051045217614
1985-06-30,59.97102772708733,26.844517860014324,,43.407772793550826,43.407772793550826
1985-07-31,62.29920119956016,27.133598139457234,,44.7163996695087,44.7163996695087
1985-08-31,62.53875070444319,27.133598139457234,,44.83617442195021,44.83617442195021
1985-09-30,61.85973508184755,27.133598139457234,,44.4966666106524,44.4966666106524
1985-10-31,59.4702992636672,27.92447259023488,,43.69738592695104,43.69738592695104
1985-11-30,60.24028765041594,27.92447259023488,,44.08238012032541,44.08238012032541
1985-12-31,66.99996020298687,27.92447259023488,,47.46221639661088,47.46221639661088
1986-01-31,68.20229281109694,28.668462807480235,,48.43537780928859,48.43537780928859
1986-02-28,65.31983746412462,28.668462807480235,,46.99415013580243,46.99415013580243
1986-03-31,62.052997342314384,28.668462807480235,,45.36073007489731,45.36073007489731
1986-04-30,59.69295334041371,29.620735979432357,,44.65684465992303,44.65684465992303
1986-05-31,59.463221651854795,29.620735979432357,,44.541978815643574,44.541978815643574
1986-06-30,61.64348827546266,29.620735979432357,,45.632112127447506,45.632112127447506
1986-07-31,65.0969929721312,30.032431875256048,,47.56471242369363,47.56471242369363
1986-08-31,63.67060545970748,30.032431875256048,,46.85151866748176,46.85151866748176
1986-09-30,62.284430244488505,30.032431875256048,,46.15843105987228,46.15843105987228
1986-10-31,60.79359915462176,30.4567565669541,,45.62517786078793,45.62517786078793
1986-11-30,61.690777341305875,30.4567565669541,,46.07376695412999,46.07376695412999
1986-12-31,66.46467604363556,30.4567565669541,,48.46071630529483,48.46071630529483
1987-01-31,68.7680712922946,30.35635153961389,,49.56221141595424,49.56221141595424
1987-02-28,67.24435394458531,30.35635153961389,,48.800352742099605,48.800352742099605
1987-03-31,65.41502439213669,30.35635153961389,,47.88568796587529,47.88568796587529
1987-04-30,63.06478213439783,30.81839200917878,,46.941587071788305,46.941587071788305
1987-05-31,62.67252175135569,30.81839200917878,,46.745456880267234,46.745456880267234
1987-06-30,65.5044576538832,30.81839200917878,,48.16142483153099,48.16142483153099
1987-07-31,68.00550917144008,31.181132781238972,,49.59332097633953,49.59332097633953
1987-08-31,69.05057667283197,31.181132781238972,,50.11585472703547,50.11585472703547
1987-09-30,65.41339704060033,31.181132781238972,,48.29726491091965,48.29726491091965
1987-10-31,63.912146807149654,31.495909793368575,,47.70402830025911,47.70402830025911
1987-11-30,64.94449684921625,31.495909793368575,,48.220203321292416,48.220203321292416
1987-12-31,68.92657062737415,31.495909793368575,,50.21124021037136,50.21124021037136
1988-01-31,74.41762928839778,31.51234572451684,,52.964987506457305,52.964987506457305
1988-02-29,73.33361993085832,31.51234572451684,,52.422982827687576,52.422982827687576
1988-03-31,70.32794056823559,31.51234572451684,,50.92014314637622,50.92014314637622
1988-04-30,66.48337259430582,32.27267269607439,,49.3780226451901,49.3780226451901
1988-05-31,65.46002071970064,32.27267269607439,,48.866346707887516,48.866346707887516
1988-06-30,68.7163365350597,32.27267269607439,,50.49450461556704,50.49450461556704
1988-07-31,71.94207029625112,32.56025633612485,,52.251163316187984,52.251163316187984
1988-08-31,74.5624969006358,32.56025633612485,,53.56137661838032,53.56137661838032
1988-09-30,68.82496656668073,32.56025633612485,,50.69261145140279,50.69261145140279
1988-10-31,66.98578132365441,33.18475406024065,,50.08526769194753,50.08526769194753
1988-11-30,67.6874388303556,33.18475406024065,,50.436096445298126,50.436096445298126
1988-12-31,72.19194181053119,33.18475406024065,,52.68834793538592,52.68834793538592
1989-01-31,72.98301604206692,33.41600627917806,,53.19951116062249,53.19951116062249
1989-02-28,74.1031947400114,33.41600627917806,,53.75960050959473,53.75960050959473
1989-03-31,73.45590223657308,33.41600627917806,,53.43595425787557,53.43595425787557
1989-04-30,68.38835023069288,33.28621243200669,,50.837281331349786,50.837281331349786
1989-05-31,67.87652263159161,33.28621243200669,,50.58136753179915,50.58136753179915
1989-06-30,70.13323469797388,33.28621243200669,,51.709723564990284,51.709723564990284
1989-07-31,73.05664544016632,33.70695514042765,,53.38180029029699,53.38180029029699
1989-08-31,74.02980882510471,33.70695514042765,,53.86838198276618,53.86838198276618
1989-09-30,70.72454194688078,33.70695514042765,,52.215748543654215,52.215748543654215
1989-10-31,69.5155866991571,33.36170825418435,,51.438647476670724,51.438647476670724
1989-11-30,71.42648594138879,33.36170825418435,,52.39409709778657,52.39409709778657
1989-12-31,81.53558556194875,33.36170825418435,,57.44864690806655,57.44864690806655
1990-01-31,78.6109506108394,33.939582531960696,50.99465363161754,54.51506225813921,54.51506225813921
1990-02-28,74.61500990928378,33.939582531960696,50.852083498005996,53.135558646416825,53.135558646416825
1990-03-31,73.16861243281292,33.939582531960696,56.602652737940176,54.57028256757127,54.57028256757127
1990-04-30,70.5158342831707,33.12408302305154,57.88582382527255,53.84191371049826,53.84191371049826
1990-05-31,70.01375863935847,33.12408302305154,59.07395661728204,54.07059942656402,54.07059942656402
1990-06-30,73.15514039563728,33.12408302305154,55.6996710908343,53.9929648365077,53.9929648365077
1990-07-31,75.56187680726981,32.40430308997476,59.69179799716484,55.885992631469804,55.885992631469804
1990-08-31,76.16765756435399,32.40430308997476,63.73144586410373,57.434468839477496,57.434468839477496
1990-09-30,74.64280699433199,32.40430308997476,65.53740190652833,57.5281706636117,57.5281706636117
1990-10-31,71.29051585920627,31.27746264584132,59.121481203783745,53.89648656961045,53.89648656961045
1990-11-30,71.05443536626302,31.27746264584132,55.6996710908343,52.67718970097955,52.67718970097955
1990-12-31,75.78070800845084,31.27746264584132,53.56103206521722,53.53973423983646,53.53973423983646
1991-01-31,80.5279738715362,30.302935563325335,52.75309596522118,54.528001800027575,54.528001800027575
1991-02-28,75.40353917341038,30.302935563325335,52.75309596522118,52.8198569006523,52.8198569006523
1991-03-31,73.86106594823154,30.302935563325335,51.94515986522512,52.036387125594,52.036387125594
1991-04-30,70.76302172129783,30.80288947726971,53.275880920313625,51.61393070629372,51.61393070629372
1991-05-31,73.23135949366612,30.80288947726971,50.4528726203198,51.49570719708521,51.49570719708521
1991-06-30,76.33805648148265,30.80288947726971,47.8152127458076,51.65205290151999,51.65205290151999
1991-07-31,78.60269352014618,31.319721309933286,48.09949367626397,52.67396950211448,52.67396950211448
1991-08-31,77.86028003693613,31.319721309933286,48.20580124867887,52.4619341985161,52.4619341985161
1991-09-30,75.06180565786971,31.319721309933286,49.98202859004882,52.1211851859506,52.1211851859506
1991-10-31,72.64610582947668,31.535571848076785,50.88877754053257,51.690151739362015,51.690151739362015
1991-11-30,74.85706128209699,31.535571848076785,51.212453804195626,52.53502897812314,52.53502897812314
1991-12-31,77.24988200225225,31.535571848076785,47.5533035784334,52.112919142920816,52.112919142920816
1992-01-31,79.90874220418681,32.38712290293188,46.36035559981558,52.88540690231142,52.88540690231142
1992-02-29,77.64456336845697,32.38712290293188,47.617409376049174,52.54969854914601,52.54969854914601
1992-03-31,74.72964108953937,32.38712290293188,48.110922492671534,51.74256216171426,51.74256216171426
1992-04-30,73.22691266358594,33.6438042078979,47.73111377126594,51.533943547583256,51.533943547583256
1992-05-31,71.474590172554,33.6438042078979,47.84209512044131,50.98682983363107,50.98682983363107
1992-06-30,72.88711564673069,33.6438042078979,49.50473046929396,52.01188344130751,52.01188344130751
1992-07-31,76.20217953679493,34.02611572682483,54.48104816012859,54.903114474582786,54.903114474582786
1992-08-31,75.62120146317675,34.02611572682483,54.18323539501717,54.61018419500625,54.61018419500625
1992-09-30,74.13490540330763,34.02611572682483,52.159972301534395,53.440331143888955,53.440331143888955
1992-10-31,73.1556602100446,35.40850419554699,48.77211142970929,52.445425278433625,52.445425278433625
1992-11-30,75.683139055825,35.40850419554699,46.601999648249084,52.56454763320702,52.56454763320702
1992-12-31,81.75032361548503,35.40850419554699,47.68333174632353,54.94738651911852,54.94738651911852
1993-01-31,82.07079862717309,35.801837309081705,48.809987513526856,55.560874483260555,55.560874483260555
1993-02-28,81.45669267400261,35.801837309081705,47.68831372403416,54.98228123570616,54.98228123570616
1993-03-31,79.36357149824211,35.801837309081705,46.39917079005752,53.85485986579378,53.85485986579378
1993-04-30,74.78956110274268,36.61278784263615,42.11448141244741,51.17227678594208,51.17227678594208
1993-05-31,72.0564071087602,36.61278784263615,38.78888438432468,49.15269311190701,49.15269311190701
1993-06-30,76.28822938656026,36.61278784263615,40.050387131919834,50.98380145370542,50.98380145370542
1993-07-31,80.66302335464977,37.69786681604624,41.5479428001247,53.3029443236069,53.3029443236069
1993-08-31,80.89235148826623,37.69786681604624,42.05952737010228,53.54991522480492,53.54991522480492
1993-09-30,76.79014821984072,37.69786681604624,40.058563521830735,51.51552618590589,51.51552618590589
1993-10-31,74.23401309026099,39.5158271759988,35.50461529066025,49.75148518564001,49.75148518564001
1993-11-30,76.81820193320067,39.5158271759988,35.193506373973435,50.509178494390966,50.509178494390966
1993-12-31,81.79002672692167,39.5158271759988,37.15643459911186,52.82076283401077,52.82076283401077
1994-01-31,87.83168947076193,40.387845366249735,38.95529839379142,55.7249444102677,55.7249444102677
1994-02-28,83.9954651150167,40.387845366249735,40.20569140360969,54.86300062829204,54.86300062829204
1994-03-31,79.44291976196368,40.387845366249735,41.242566421109146,53.69111051644086,53.69111051644086
1994-04-30,75.00615715563586,41.606847881651625,40.55693170989016,52.389978915725884,52.389978915725884
1994-05-31,74.0538076246076,41.606847881651625,46.22929767816286,53.96331772814069,53.96331772814069
1994-06-30,79.9774359452692,41.606847881651625,50.94149440656972,57.508592744496845,57.508592744496845
1994-07-31,81.83954857346876,41.82436738116604,52.75546367369651,58.80645987611044,58.80645987611044
1994-08-31,80.87276976761756,41.82436738116604,51.94732814955617,58.21482176611325,58.21482176611325
1994-09-30,77.80341610437918,41.82436738116604,53.99721980512554,57.87500109689025,57.87500109689025
1994-10-31,75.77808144579708,42.44796399805825,54.88500170655241,57.70368238346924,57.70368238346924
1994-11-30,77.45703704928201,42.44796399805825,60.43643324790901,60.11381143174975,60.11381143174975
1994-12-31,82.19613791839876,42.44796399805825,64.25538022744539,62.966494047967466,62.966494047967466
1995-01-31,86.26394482256258,42.927938118796874,64.741750333813,64.64454442505748,64.64454442505748
1995-02-28,84.15803664487888,42.927938118796874,61.87870854335088,62.98822776900888,62.98822776900888
1995-03-31,81.12433398924782,42.927938118796874,62.93983353678105,62.33070188160858,62.33070188160858
1995-04-30,77.86318165144897,42.54834639932708,62.40553636972979,60.939021473501946,60.939021473501946
1995-05-31,78.2211631100964,42.54834639932708,59.74716176547907,60.172223758300845,60.172223758300845
1995-06-30,80.40796196345872,42.54834639932708,64.40589106788816,62.45406647689132,62.45406647689132
1995-07-31,84.69044871840165,43.69015357319688,66.31947813386631,64.90002680848828,64.90002680848828
1995-08-31,88.12717269683613,43.69015357319688,65.53665497246108,65.78466041416469,65.78466041416469
1995-09-30,80.8926939232415,43.69015357319688,62.74045290333665,62.441100133258345,62.441100133258345
1995-10-31,78.5874549410228,44.6371337980252,60.57704539901408,61.26721137935402,61.26721137935402
1995-11-30,82.0330307942728,44.6371337980252,64.27519210969486,63.648452233997624,63.648452233997624
1995-12-31,87.83917970572523,44.6371337980252,62.90828826306741,65.12820058893928,65.12820058893928
1996-01-31,92.23394694276827,45.82383523689279,56.15635963276294,64.738047270808,64.738047270808
1996-02-29,89.81831096503149,45.82383523689279,54.85574799755,63.49929806649143,63.49929806649143
1996-03-31,86.78005313208956,45.82383523689279,55.258504999108936,62.62079778936376,62.62079778936376
1996-04-30,81.72967662705427,47.52379005893937,55.92300437693978,61.72549035431115,61.72549035431115
1996-05-31,81.925233523304,47.52379005893937,57.31531485953412,62.2547794805925,62.2547794805925
1996-06-30,83.90751919994456,47.52379005893937,46.942837265990974,59.458048841624965,59.458048841624965
1996-07-31,84.37365180923017,48.391457166513355,42.76796895162673,58.51102597579008,58.51102597579008
1996-08-31,85.20505404227183,48.391457166513355,43.49923915881812,59.0319167892011,59.0319167892011
1996-09-30,81.41922364958913,48.391457166513355,41.71461424803214,57.175098354711544,57.175098354711544
1996-10-31,79.64637858237741,48.69658258411228,42.256221216440444,56.86639412764338,56.86639412764338
1996-11-30,83.5425155134677,48.69658258411228,47.758315224530115,59.999137774036704,59.999137774036704
1996-12-31,87.66930075779969,48.69658258411228,48.81820741415984,61.728030252023935,61.728030252023935
1997-01-31,91.96443917023927,49.435965558162735,52.32507011164965,64.57515828001722,64.57515828001722
1997-02-28,87.21595533447402,49.435965558162735,51.88010408350444,62.8440083253804,62.8440083253804
1997-03-31,82.96288486027603,49.435965558162735,52.17226045470847,61.523703624382414,61.523703624382414
1997-04-30,80.57478590701123,50.39805163474345,51.50687635885629,60.82657130020366,60.82657130020366
1997-05-31,78.86514037774597,50.39805163474345,54.17956961665803,61.147587209715816,61.147587209715816
1997-06-30,81.5674754654354,50.39805163474345,56.291862899883846,62.752463333354235,62.752463333354235
1997-07-31,86.72776844575401,51.87247556559399,52.797665448495636,63.79930315328121,63.79930315328121
1997-08-31,86.21169164889574,51.87247556559399,48.50573153561207,62.196632916700594,62.196632916700594
1997-09-30,83.83989285564294,51.87247556559399,45.36290492267125,60.35842444796939,60.35842444796939
1997-10-31,82.4500591844503,52.43578154066961,44.20714048220676,59.69766040244223,59.69766040244223
1997-11-30,84.63554414612653,52.43578154066961,41.35738033974615,59.476235342180765,59.476235342180765
1997-12-31,89.37088588315183,52.43578154066961,37.97188355050281,59.92618365810808,59.92618365810808
1998-01-31,88.93341070132243,53.73998348597467,36.379837096898235,59.684410428065114,59.684410428065114
1998-02-28,86.00668785331138,53.73998348597467,35.8710879756615,58.53925310498252,58.53925310498252
1998-03-31,86.67154292432546,53.73998348597467,37.66376237008481,59.35842959346164,59.35842959346164
1998-04-30,81.45487922670031,55.66578425946343,38.805556242776944,58.642073242980224,58.642073242980224
1998-05-31,82.95014957754121,55.66578425946343,37.32960002233215,58.6485112864456,58.6485112864456
1998-06-30,87.80979878042507,55.66578425946343,35.711461638883435,59.72901489292398,59.72901489292398
1998-07-31,91.56158013538953,57.16841100987425,35.691446706596295,61.473812617286704,61.473812617286704
1998-08-31,91.1487440065772,57.16841100987425,34.92095883498102,61.079371283810836,61.079371283810836
1998-09-30,88.9712793617723,57.16841100987425,35.49971670850087,60.54646902671581,60.54646902671581
1998-10-31,84.8528902196836,58.886479601345854,34.17885083202754,59.306073551019004,59.306073551019004
1998-11-30,84.34982882784874,58.886479601345854,33.92501652954531,59.05377498624663,59.05377498624663
1998-12-31,89.47593259650728,58.886479601345854,31.813238123200684,60.058550107017936,60.058550107017936
1999-01-31,95.6331901562183,59.8613736282363,30.86983138912552,62.12146505786004,62.12146505786004
1999-02-28,89.52636506780823,59.8613736282363,30.459167175654816,59.94896862389978,59.94896862389978
1999-03-31,90.65679056985113,59.8613736282363,29.716033616080285,60.07806593805591,60.07806593805591
1999-04-30,85.31507201241908,61.383865425177305,31.55373118240939,59.41755620666859,59.41755620666859
1999-05-31,84.38217984185289,61.383865425177305,32.56093202502895,59.44232576401972,59.44232576401972
1999-06-30,89.18166398345916,61.383865425177305,30.65768887814661,60.40773942892769,60.40773942892769
1999-07-31,94.8958378765139,62.585882238201634,35.336079147382335,64.27259975403263,64.27259975403263
1999-08-31,93.79203311826814,62.585882238201634,35.49897090298784,63.958962086485876,63.958962086485876
1999-09-30,88.98079264413147,62.585882238201634,37.71814360324409,63.0949394951924,63.0949394951924
1999-10-31,85.59610616321146,63.29140181791796,37.14911898003904,62.01220898705616,62.01220898705616
1999-11-30,85.70169371711984,63.29140181791796,37.224289022514235,62.07246151918401,62.07246151918401
1999-12-31,92.51384043090552,63.29140181791796,38.0458237259623,64.61702199159525,64.61702199159525
2000-01-31,96.23953707665851,65.17491992841819,39.748140696295785,67.05419923379084,67.05419923379084
2000-02-29,92.94571779862311,65.17491992841819,38.95429885387852,65.69164552697328,65.69164552697328
2000-03-31,88.6407073038634,65.17491992841819,37.505119821794295,63.773582351358634,63.773582351358634
2000-04-30,86.34737056322132,66.32138507100053,36.25712283979451,62.97529282467212,62.97529282467212
2000-05-31,89.56665676620435,66.32138507100053,38.48161159961832,64.78988447894106,64.78988447894106
2000-06-30,92.08649088485572,66.32138507100053,37.76968477575679,65.392520243871,65.392520243871
2000-07-31,93.10853859527575,66.47594624132728,38.8706109397376,66.15169859211353,66.15169859211353
2000-08-31,96.10684630594147,66.47594624132728,40.0342883564865,67.53902696791842,67.53902696791842
2000-09-30,92.07232920333207,66.47594624132728,42.29280761275165,66.94702768580366,66.94702768580366
2000-10-31,87.8986952323648,66.93661228909299,40.83726642344119,65.22419131496633,65.22419131496633
2000-11-30,91.9488195582127,66.93661228909299,38.70805747265342,65.86449643998638,65.86449643998638
2000-12-31,100.1258570105331,66.93661228909299,39.932454280889615,68.9983078601719,68.9983078601719
2001-01-31,102.43269570829436,67.20647565653398,38.523841875079675,69.38767107996934,69.38767107996934
2001-02-28,95.6197187269953,67.20647565653398,38.07261164804371,66.966268677191,66.966268677191
2001-03-31,93.15432803050982,67.20647565653398,37.55597508516706,65.97225959073695,65.97225959073695
2001-04-30,88.05744656901248,67.6409887278723,35.913603755733575,63.87067968420612,63.87067968420612
2001-05-31,87.50832427983593,67.6409887278723,36.320554737182505,63.82328924829691,63.82328924829691
2001-06-30,91.49979510764487,67.6409887278723,34.71711380632453,64.61929921394723,64.61929921394723
2001-07-31,93.45036975094908,68.07542135075765,32.9128111496163,64.81286741710767,64.81286741710767
2001-08-31,96.40436874519659,68.07542135075765,31.611641511221087,65.36381053572511,65.36381053572511
2001-09-30,89.85704341014235,68.07542135075765,30.77707832618225,62.90318102902742,62.90318102902742
2001-10-31,87.54604213216712,67.17255138733621,29.69229519541237,61.47029623830523,61.47029623830523
2001-11-30,86.61961508553637,67.17255138733621,30.91926522799945,61.57047723362401,61.57047723362401
2001-12-31,90.95913683813467,67.17255138733621,31.750376721665596,63.2940216490455,63.2940216490455
2002-01-31,96.85696706382629,67.69189272892777,32.5130731015831,65.68731096477906,65.68731096477906
2002-02-28,93.278010892705,67.69189272892777,33.6586246541875,64.87617609194008,64.87617609194008
2002-03-31,93.58828144882501,67.69189272892777,34.65079222505661,65.3103221342698,65.3103221342698
2002-04-30,91.06354041036914,68.58988465034615,34.24506367056583,64.6328295770937,64.6328295770937
2002-05-31,90.49955948141317,68.58988465034615,34.42724953701141,64.50556455625691,64.50556455625691
2002-06-30,94.43792794356892,68.58988465034615,35.58210277967394,66.20330512452968,66.20330512452968
2002-07-31,99.41449984820255,68.72360793941668,34.23888440215646,67.4589973965919,67.4589973965919
2002-08-31,97.9490120187723,68.72360793941668,31.96744871196071,66.21335622338323,66.21335622338323
2002-09-30,94.74860618578003,68.72360793941668,31.881579420112764,65.11793118176983,65.11793118176983
2002-10-31,92.21134002000184,69.82200623170955,32.03761877908449,64.69032167693196,64.69032167693196
2002-11-30,92.8637919443411,69.82200623170955,34.08261518957448,65.58947112187504,65.58947112187504
2002-12-31,98.33772027787953,69.82200623170955,34.33976112630959,67.49982921196622,67.49982921196622
2003-01-31,103.66234945998572,71.57959484112192,35.57600036581815,70.2726482223086,70.2726482223086
2003-02-28,101.63707316413196,71.57959484112192,36.262242661588786,69.82630355561423,69.82630355561423
2003-03-31,95.35677216576323,71.57959484112192,35.69200999840896,67.54279233509804,67.54279233509804
2003-04-30,90.80392861823125,73.05336395825375,34.22988898070638,66.0290605190638,66.0290605190638
2003-05-31,90.96347286334844,73.05336395825375,35.59300111378582,66.53661264512934,66.53661264512934
2003-06-30,92.40618705663749,73.05336395825375,36.32609800288451,67.26188300592526,67.26188300592526
2003-07-31,99.30906264532274,76.5255710220525,36.923639283365524,70.91942431691359,70.91942431691359
2003-08-31,100.6509090923996,76.5255710220525,37.86997449071249,71.68215153505486,71.68215153505486
2003-09-30,94.53332345496992,76.5255710220525,38.58018441157154,69.87969296286465,69.87969296286465
2003-10-31,91.66432059582411,79.2631252714003,41.51006234388642,70.81250273703694,70.81250273703694
2003-11-30,92.79674542160235,79.2631252714003,44.26274566162472,72.10753878487579,72.10753878487579
2003-12-31,100.71233963485113,79.2631252714003,47.469601860073546,75.81502225544166,75.81502225544166
2004-01-31,106.54464347008512,80.78748969213976,52.20011189184475,79.84408168468987,79.84408168468987
2004-02-29,103.3340008488679,80.78748969213976,59.31917148708372,81.14688734269713,81.14688734269713
2004-03-31,95.9881699892722,80.78748969213976,64.67752542727666,80.48439503622954,80.48439503622954
2004-04-30,92.51607404231066,84.42115966856694,63.09722272123023,80.01148547736928,80.01148547736928
2004-05-31,94.65868253469931,84.42115966856694,58.817817547137395,79.29921991680122,79.29921991680122
2004-06-30,96.65909231801221,84.42115966856694,57.96814115356847,79.68279771338254,79.68279771338254
2004-07-31,98.9772260170044,86.8495357685558,60.7220663502774,82.18294271194587,82.18294271194587
2004-08-31,97.02557427902171,86.8495357685558,61.312881420307875,81.72933048929512,81.72933048929512
2004-09-30,96.00133989520775,86.8495357685558,62.584064697563,81.81164678710884,81.81164678710884
2004-10-31,92.92959074762481,89.36823716811404,64.87417300121643,82.39066697231843,82.39066697231843
2004-11-30,94.08970363888614,89.36823716811404,67.48052507977779,83.64615529559266,83.64615529559266
2004-12-31,102.89747814954085,89.36823716811404,67.684814018303,86.65017644531929,86.65017644531929
2005-01-31,104.7514957563408,92.26573849952773,68.29518916394213,88.43747447327023,88.43747447327023
2005-02-28,99.50857137446499,92.26573849952773,69.9982035713003,87.25750448176433,87.25750448176433
2005-03-31,99.66454733307097,92.26573849952773,72.83953785588537,88.25660789616136,88.25660789616136
2005-04-30,92.56660581136879,95.10651267675675,73.07461338288051,86.9159106236687,86.9159106236687
2005-05-31,92.85539988764558,95.10651267675675,69.88610642043622,85.94933966161284,85.94933966161284
2005-06-30,100.52357583929407,95.10651267675675,76.09084049999508,90.57364300534863,90.57364300534863
2005-07-31,104.98217115952126,98.26720386945769,77.78844229101122,93.67927243999672,93.67927243999672
2005-08-31,105.39490802338837,98.26720386945769,81.74273181279257,95.13494790187953,95.13494790187953
2005-09-30,100.95043552922974,98.26720386945769,83.00921404611272,94.07561781493338,94.07561781493338
2005-10-31,95.3526548980234,99.86954469397867,87.43937053138374,94.22052337446195,94.22052337446195
2005-11-30,95.12201585948807,99.86954469397867,92.2248932758041,95.73881794309028,95.73881794309028
2005-12-31,105.38713842443406,99.86954469397867,98.66758883339925,101.308090650604,101.308090650604
2006-01-31,99.37433298633559,101.6512200667534,102.26401342702138,101.09652216003678,101.09652216003678
2006-02-28,99.60721621818148,101.6512200667534,107.24625444616112,102.83489691036533,102.83489691036533
2006-03-31,99.43650682031019,101.6512200667534,110.45177838630727,103.84650175779029,103.84650175779029
2006-04-30,93.67026103019003,99.67792732032416,138.0615336710619,110.46990734052537,110.46990734052537
2006-05-31,95.54767304292017,99.67792732032416,173.73313281767295,122.9862443936391,122.9862443936391
2006-06-30,100.94944270609167,99.67792732032416,155.7023546280904,118.7765748848354,118.7765748848354
2006-07-31,106.9002517588425,97.17536951125285,166.56640883637635,123.54734336882389,123.54734336882389
2006-08-31,106.77069226459953,97.17536951125285,165.77982969855938,123.24196382480393,123.24196382480393
2006-09-30,97.42653381060725,97.17536951125285,164.32241275772353,119.64143869319453,119.64143869319453
2006-10-31,95.79318873458107,95.43159986516,161.62273037564967,117.61583965846357,117.61583965846357
2006-11-30,96.93875215836447,95.43159986516,151.53153712238253,114.63396304863566,114.63396304863566
2006-12-31,100.55118885391202,95.43159986516,144.02271442267528,113.33516771391577,113.33516771391577
2007-01-31,106.04257507776546,93.92858508772335,122.64594350068438,107.53903455539107,107.53903455539107
2007-02-28,109.09487093755311,93.92858508772335,123.26698523335615,108.7634804195442,108.7634804195442
2007-03-31,100.37095615941249,93.92858508772335,139.373307682509,111.22428297654828,111.22428297654828
2007-04-30,97.10487853767526,92.48035099612162,167.1399153220242,118.90838161860704,118.90838161860704
2007-05-31,97.8135654168785,92.48035099612162,165.51472814901126,118.60288152067046,118.60288152067046
2007-06-30,101.22801248674986,92.48035099612162,161.98551565202683,118.56462637829945,118.56462637829945
2007-07-31,103.91857797371915,89.66671399297552,172.04609962666962,121.87713053112144,121.87713053112144
2007-08-31,109.55528190488056,89.66671399297552,161.68299239294123,120.3016627635991,120.3016627635991
2007-09-30,103.41059040788295,89.66671399297552,165.37239966945722,119.48323469010522,119.48323469010522
2007-10-31,98.56772967389176,86.11435263755641,172.90095116994385,119.19434449379735,119.19434449379735
2007-11-30,99.02420797122973,86.11435263755641,149.98236233640262,111.70697431506291,111.70697431506291
2007-12-31,104.30078957536543,86.11435263755641,142.9397358052193,111.11829267271371,111.11829267271371
2008-01-31,108.91860783336946,82.59999065282611,152.60106544553074,114.70655464390877,114.70655464390877
2008-02-29,106.40948097930547,82.59999065282611,171.18836324814856,120.06594496009338,120.06594496009338
2008-03-31,102.17659263940499,82.59999065282611,181.81976336306582,122.1987822184323,122.1987822184323
2008-04-30,97.54087468186131,80.72498513740003,187.85287575572505,122.03957852499546,122.03957852499546
2008-05-31,97.0283620339481,80.72498513740003,180.13419322387105,119.29584679840639,119.29584679840639
2008-06-30,104.01354273574785,80.72498513740003,178.75184133941735,121.16345640418841,121.16345640418841
2008-07-31,106.67030109508119,78.01270613083744,181.23138157863906,121.97146293485257,121.97146293485257
2008-08-31,103.20934547526997,78.01270613083744,164.56292889735218,115.26166016781985,115.26166016781985
2008-09-30,99.37800697359194,78.01270613083744,150.36353184414855,109.25141498285932,109.25141498285932
2008-10-31,96.43295436271814,72.08893685409939,105.51987865514675,91.34725662398809,91.34725662398809
2008-11-30,98.5056739865349,72.08893685409939,80.39063342075958,83.66174808713129,83.66174808713129
2008-12-31,105.91375932106037,72.08893685409939,66.93698641386646,81.64656086300874,81.64656086300874
2009-01-31,109.49141259953717,65.43777255571817,70.28398971416252,81.73772495647262,81.73772495647262
2009-02-28,101.91939728695804,65.43777255571817,71.7510688750764,79.70274623925087,79.70274623925087
2009-03-31,99.33239047420312,65.43777255571817,81.28929687780698,82.01981996924276,82.01981996924276
2009-04-30,94.37899110875716,61.68405255660247,95.64743290338814,83.9034921895826,83.9034921895826
2009-05-31,93.38097693265252,61.68405255660247,98.97877755863456,84.68126901596318,84.68126901596318
2009-06-30,97.75056194616661,61.68405255660247,108.11838791754728,89.18433414010546,89.18433414010546
2009-07-31,100.30272431317742,62.20371559341339,112.70965494509963,91.7386982838968,91.7386982838968
2009-08-31,101.7359886667361,62.20371559341339,133.15578629684197,99.03183018566381,99.03183018566381
2009-09-30,96.96871514477245,62.20371559341339,133.5626773973342,97.57836937850668,97.57836937850668
2009-10-31,95.30387063232283,62.4253313837293,135.93910759954682,97.88943653853296,97.88943653853296
2009-11-30,93.79403372907034,62.4253313837293,144.05433426918734,100.09123312732898,100.09123312732898
2009-12-31,106.96872146086571,62.4253313837293,150.40368319209992,106.59924534556497,106.59924534556497
2010-01-31,111.32036562223806,61.53891959988853,158.81956670139772,110.55961730784144,110.55961730784144
2010-02-28,107.95716691980596,61.53891959988853,148.04746164624737,105.84784938864728,105.84784938864728
2010-03-31,100.06831918657261,61.53891959988853,160.9657913112213,107.52434336589415,107.52434336589415
2010-04-30,92.56866080745964,63.91733463374379,166.63322315237318,107.70640619785888,107.70640619785888
2010-05-31,96.92088200319054,63.91733463374379,147.51894286789445,102.78571983494294,102.78571983494294
2010-06-30,104.62640915971923,63.91733463374379,140.15377429669826,102.89917269672043,102.89917269672043
2010-07-31,108.39698853754966,62.226911736801355,145.52297305683578,105.3822911103956,105.3822911103956
2010-08-31,108.60057581094901,62.226911736801355,157.42463981604587,109.41737578793209,109.41737578793209
2010-09-30,102.30734843424227,62.226911736801355,166.62790735653897,110.38738917586086,110.38738917586086
2010-10-31,95.03779739941669,63.61823819057752,178.70359439719553,112.45320999572992,112.45320999572992
2010-11-30,97.50605584496392,63.61823819057752,182.33939110865785,114.48789504806643,114.48789504806643
2010-12-31,110.86933652675788,63.61823819057752,197.309463073125,123.93234593015347,123.93234593015347
2011-01-31,112.27535095729692,63.644591828636734,205.50856896489793,127.1428372502772,127.1428372502772
2011-02-28,105.34489657592542,63.644591828636734,213.00479646462844,127.3314282897302,127.3314282897302
2011-03-31,101.1344805222024,63.644591828636734,204.86527565807876,123.21478266963929,123.21478266963929
2011-04-30,96.12403095774928,65.19525801406262,204.42101103007232,121.9134333339614,121.9134333339614
2011-05-31,96.20360298302583,65.19525801406262,192.54140768152922,117.98008955953922,117.98008955953922
2011-06-30,103.07463706108851,65.19525801406262,195.4554436688954,121.24177958134885,121.24177958134885
2011-07-31,109.83789481390252,67.53944441187103,208.03645210464475,128.4712637768061,128.4712637768061
2011-08-31,109.21300006455726,67.53944441187103,193.97094031610632,123.57446159751153,123.57446159751153
2011-09-30,101.34484471658757,67.53944441187103,178.92723810519237,115.93717574455032,115.93717574455032
2011-10-31,96.1442434100293,69.39405856916336,159.39763179370857,108.31197792430042,108.31197792430042
2011-11-30,97.43372285076487,69.39405856916336,163.4252016082938,110.08432767607401,110.08432767607401
2011-12-31,103.42976716008764,69.39405856916336,162.94775985341153,111.9238618608875,111.9238618608875
2012-01-31,104.25143159127981,72.39572093314568,173.79190169942174,116.81301807461575,116.81301807461575
2012-02-29,100.45797117401617,72.39572093314568,181.97437779408844,118.27602330041675,118.27602330041675
2012-03-31,94.87692936121955,72.39572093314568,182.60591580302005,116.62618869912842,116.62618869912842
2012-04-30,93.7280468224883,73.83860921922258,178.61228719411076,115.3929810786072,115.3929810786072
2012-05-31,98.50988058770531,73.83860921922258,170.23480956222673,114.19443312305152,114.19443312305152
2012-06-30,101.49445632865823,73.83860921922258,160.13270880647178,111.82192478478419,111.82192478478419
2012-07-31,108.34586485950331,74.91388397489536,163.49501736003373,115.58492206481078,115.58492206481078
2012-08-31,106.17280808498772,74.91388397489536,161.90346318790984,114.33005174926431,114.33005174926431
2012-09-30,98.809197684091,74.91388397489536,174.34863291775963,116.02390485891533,116.02390485891533
2012-10-31,96.53263462615928,77.39814530121751,173.79440107848214,115.90839366861964,115.90839366861964
2012-11-30,97.96730804763878,77.39814530121751,166.23203979579512,113.86583104821715,113.86583104821715
2012-12-31,101.80792239514591,77.39814530121751,171.73470719157686,116.9802582959801,116.9802582959801
2013-01-31,107.52698104032456,79.79598482123245,173.61560671929678,120.31285752695128,120.31285752695128
2013-02-28,103.54231366310117,79.79598482123245,173.7705241978947,119.03627422740944,119.03627422740944
2013-03-31,103.77994598503093,79.79598482123245,164.9633528545253,116.17976122026289,116.17976122026289
2013-04-30,97.67617459897019,81.78348505037175,155.6676298946266,111.7090965146562,111.7090965146562
2013-05-31,96.56556026983051,81.78348505037175,156.26158054929675,111.536875289833,111.536875289833
2013-06-30,100.84546768793416,81.78348505037175,150.90513060036656,111.1780277795575,111.1780277795575
2013-07-31,105.51633394840161,83.82314660709844,148.8874638956886,112.74231481706288,112.74231481706288
2013-08-31,104.4468027733966,83.82314660709844,154.9150289225022,114.39499276766576,114.39499276766576
2013-09-30,100.66911314222978,83.82314660709844,154.3333966360591,112.94188546179578,112.94188546179578
2013-10-31,97.7162305708874,85.12772802429342,155.27657972472463,112.70684610663515,112.70684610663515
2013-11-30,100.96225255123866,85.12772802429342,152.42312568328452,112.8377020862722,112.8377020862722
2013-12-31,110.3380291919292,85.12772802429342,155.53264110947447,116.99946610856568,116.99946610856568
2014-01-31,116.04082640414958,86.68883676518155,157.18318346763013,119.97094887898709,119.97094887898709
2014-02-28,109.99868059932219,86.68883676518155,154.11660618690053,116.93470785046809,116.93470785046809
2014-03-31,105.70034342062763,86.68883676518155,143.35578013765777,111.91498677448898,111.91498677448898
2014-04-30,97.01941705729615,89.53198833595941,143.86295045449654,110.13811861591735,110.13811861591735
2014-05-31,97.89570708554749,89.53198833595941,148.55297668235556,111.99355736795415,111.99355736795415
2014-06-30,101.76331498063186,89.53198833595941,147.04436152357698,112.77988828005608,112.77988828005608
2014-07-31,104.0229146418194,92.07381685911041,153.34416918296873,116.4803002279662,116.4803002279662
2014-08-31,104.33737645936819,92.07381685911041,150.93962203140165,115.78360511662675,115.78360511662675
2014-09-30,101.55515633774212,92.07381685911041,148.1453506792135,113.92477462535534,113.92477462535534
2014-10-31,97.85423855460087,94.22706068077669,145.24079174080208,112.44069699205988,112.44069699205988
2014-11-30,102.89906868151559,94.22706068077669,144.7098767649913,113.94533537576119,113.94533537576119
2014-12-31,106.18594226864708,94.22706068077669,138.967104824181,113.12670259120159,113.12670259120159
2015-01-31,112.04675012150008,95.49463707637568,125.68970030436634,111.07702916741403,111.07702916741403
2015-02-28,112.96294986131716,95.49463707637568,123.5068084647721,110.65479846748832,110.65479846748832
2015-03-31,105.33432889766652,95.49463707637568,128.042333658868,109.62376654430341,109.62376654430341
2015-04-30,96.54498718519223,97.21438871210427,130.25015269643956,108.00317619791201,108.00317619791201
2015-05-31,96.64025281530448,97.21438871210427,135.69740198590466,109.85068117110445,109.85068117110445
2015-06-30,103.01952106113563,97.21438871210427,125.7430682348945,108.65899266937812,108.65899266937812
2015-07-31,107.1076436604819,99.3548672739924,117.63194768799634,108.03148620749022,108.03148620749022
2015-08-31,106.68228911102693,99.3548672739924,110.52994646642482,105.52236761714805,105.52236761714805
2015-09-30,102.81251701464545,99.3548672739924,112.46901160492948,104.8787986311891,104.8787986311891
2015-10-31,96.79665552053544,100.0,112.44402491483302,103.08022681178949,103.08022681178949
2015-11-30,96.02205759809914,100.0,103.47224004393554,99.83143254734489,99.83143254734489
2015-12-31,100.0,100.0,100.0,100.0,100.0
2016-01-31,109.1660113747736,101.55026864363091,96.39896884992642,102.37174962277697,102.37174962277697
2016-02-29,103.69602125194152,101.55026864363091,99.13309483603751,101.45979491053664,101.45979491053664
2016-03-31,95.82502392015698,101.55026864363091,106.78973058702167,101.38834105026986,101.38834105026986
2016-04-30,95.9801266758304,102.8348718645191,105.04231872751274,101.28577242262075,101.28577242262075
2016-05-31,95.80772865378171,102.8348718645191,101.20082276434457,99.9478077608818,99.9478077608818
2016-06-30,104.12629844971762,102.8348718645191,100.0675293879405,102.34289990072574,102.34289990072574
2016-07-31,109.48045521375478,104.09664633394375,104.87345442973657,106.1501853258117,106.1501853258117
2016-08-31,111.22286712939206,104.09664633394375,102.43244611530457,105.9173198595468,105.9173198595468
2016-09-30,103.45178197326786,104.09664633394375,101.79724525824494,103.11522452181885,103.11522452181885
2016-10-31,96.3411713979394,106.03498755550717,101.99249606068845,101.456218338045,101.456218338045
2016-11-30,95.89839274407481,106.03498755550717,117.50652430241419,106.4799682006654,106.4799682006654
2016-12-31,109.58922335935864,106.03498755550717,122.0209822872131,112.54839773402631,112.54839773402631
2017-01-31,107.96730962747722,108.3542104096702,124.05187059554179,113.45779687756307,113.45779687756307
2017-02-28,97.20531213666702,108.3542104096702,128.06910861207928,111.20954371947217,111.20954371947217
2017-03-31,101.46882830759665,108.3542104096702,125.56239934141374,111.7951460195602,111.7951460195602
2017-04-30,94.61409729267896,110.10936169297493,122.52871291871772,109.08405730145721,109.08405730145721
2017-05-31,96.79072837718266,110.10936169297493,120.71051321401625,109.20353442805795,109.20353442805795
2017-06-30,101.82377541280115,110.10936169297493,123.30172163194118,111.74495291257243,111.74495291257243
2017-07-31,107.39341521072969,111.37025574136618,129.02207554239328,115.92858216482972,115.92858216482972
2017-08-31,104.78579737594322,111.37025574136618,139.81155462939685,118.65586924890208,118.65586924890208
2017-09-30,99.30781554380887,111.37025574136618,141.7849315560667,117.48766761374725,117.48766761374725
2017-10-31,97.94842049286615,114.26873047067795,146.7524651901112,119.6565387178851,119.6565387178851
2017-11-30,100.40153944873784,114.26873047067795,147.16082609590316,120.61036533843965,120.61036533843965
2017-12-31,111.5440934725141,114.26873047067795,147.31925563558593,124.37735985959266,124.37735985959266
2018-01-31,118.8544136808767,115.97987495250699,152.31959773062067,129.05129545466812,129.05129545466812
2018-02-28,105.19495718184734,115.97987495250699,151.0406711457623,124.07183442670555,124.07183442670555
2018-03-31,105.15158347458502,115.97987495250699,146.57087424485843,122.56744422398349,122.56744422398349
2018-04-30,102.15317024296705,118.14896247928624,147.69904429993184,122.66705900739505,122.66705900739505
2018-05-31,100.5837096641651,118.14896247928624,147.13341306055,121.95536173466712,121.95536173466712
2018-06-30,105.67742176698779,118.14896247928624,150.16398827701963,124.66345750776456,124.66345750776456
2018-07-31,110.12847135503125,118.62952284627858,134.74832033916582,121.16877151349188,121.16877151349188
2018-08-31,110.65589910510207,118.62952284627858,130.44326061607705,119.90956085581922,119.90956085581922
2018-09-30,104.73097277089144,118.62952284627858,130.437160924083,117.93255218041766,117.93255218041766
2018-10-31,102.21524145053127,118.32648902750844,134.0765341110569,118.20608819636554,118.20608819636554
2018-11-30,106.582051324796,118.32648902750844,133.56635191058356,119.49163075429601,119.49163075429601
2018-12-31,108.77343287072124,118.32648902750844,130.96645973068698,119.35546054297224,119.35546054297224
2019-01-31,113.96946257380988,118.65799585666022,128.03008528136976,120.21918123727994,120.21918123727994
2019-02-28,109.38076403563082,118.65799585666022,135.82051880860857,121.28642623363321,121.28642623363321
2019-03-31,107.3472844895596,118.65799585666022,138.81646144607396,121.60724726409792,121.60724726409792
2019-04-30,97.54722076109421,121.26319752956915,138.79271009233653,119.2010427943333,119.2010427943333
2019-05-31,100.21168730622904,121.26319752956915,129.72884191940713,117.06790891840178,117.06790891840178
2019-06-30,102.03512839279847,121.26319752956915,126.80397370028393,116.70076654088386,116.70076654088386
2019-07-31,110.66949599485054,123.23230350511136,128.07521256437857,120.65900402144682,120.65900402144682
2019-08-31,109.48035233965038,123.23230350511136,123.07923277096577,118.59729620524251,118.59729620524251
2019-09-30,106.01401083614216,123.23230350511136,124.15298386807036,117.79976606977463,117.79976606977463
2019-10-31,100.89137220186869,123.45605559876256,124.11090057313902,116.15277612459009,116.15277612459009
2019-11-30,104.70882686714171,123.45605559876256,126.32383963537637,118.16290736709355,118.16290736709355
2019-12-31,107.99887952761385,123.45605559876256,131.0041138217225,120.81968298269965,120.81968298269965
2020-01-31,107.6301032940818,124.83927791135258,130.01564526085784,120.82834215543073,120.82834215543073
2020-02-29,106.23493787285351,124.83927791135258,122.61164804368923,117.89528794263178,117.89528794263178
2020-03-31,99.65380890572274,124.83927791135258,111.72274246071548,112.07194309259694,112.07194309259694
2020-04-30,95.20848384796881,115.73801269642067,109.03543275967384,106.66064310135444,106.66064310135444
2020-05-31,94.6268174619918,115.73801269642067,112.95569250435398,107.77350755425549,107.77350755425549
2020-06-30,101.99580621101605,115.73801269642067,124.05264515960472,113.92882135568048,113.92882135568048
2020-07-31,111.54053634268678,128.06984613165199,137.37205912906026,125.66081386779967,125.66081386779967
2020-08-31,108.75873787137924,128.06984613165199,140.30236461343435,125.71031620548852,125.71031620548852
2020-09-30,101.23615317746646,128.06984613165199,144.53849746703563,124.61483225871802,124.61483225871802
2020-10-31,98.65642483119794,136.25236745020132,144.73060101971825,126.54646443370582,126.54646443370582
2020-11-30,97.48007541424968,136.25236745020132,152.38545200712414,128.7059649571917,128.7059649571917
2020-12-31,110.49330344318966,136.25236745020132,167.54725890643707,138.09764326660934,138.09764326660934
2021-01-31,110.87362052246709,140.90298482930422,171.85673481119545,141.2111133876556,141.2111133876556
2021-02-28,113.27399982891312,140.90298482930422,182.60927675780562,145.59542047200765,145.59542047200765
2021-03-31,101.65792419786237,140.90298482930422,193.76095626242872,145.44062176319844,145.44062176319844
2021-04-30,96.81023023137274,144.53985398349866,201.0164373226028,147.45550717915808,147.45550717915808
2021-05-31,97.50790638881453,144.53985398349866,219.15607372543397,153.73461136591573,153.73461136591573
2021-06-30,106.67474739711669,144.53985398349866,207.627636259117,152.94741254657745,152.94741254657745
2021-07-31,109.3553091736807,147.6417458796596,203.73270120818017,153.57658542050683,153.57658542050683
2021-08-31,111.06061025975929,147.6417458796596,201.99343020361246,153.5652621143438,153.5652621143438
2021-09-30,103.91543124944141,147.6417458796596,201.0141101308782,150.8570957533264,150.8570957533264
2021-10-31,98.53091931955302,152.24132587765567,211.8898943186661,154.22071317195827,154.22071317195827
2021-11-30,102.36646670314248,152.24132587765567,209.72740011039872,154.77839756373228,154.77839756373228
2021-12-31,106.24776596299697,152.24132587765567,205.8961664211549,154.79508608726917,154.79508608726917
2022-01-31,118.33064118440575,157.14102630450304,210.87926202709028,162.116976505333,162.116976505333
2022-02-28,112.86053514844566,157.14102630450304,214.34645923903295,161.44934023066057,161.44934023066057
2022-03-31,105.18024706266587,157.14102630450304,220.54885739324197,160.9567102534703,160.9567102534703
2022-04-30,100.74484331612803,160.06583151131207,219.32988076846058,160.04685186530023,160.04685186530023
2022-05-31,102.69456986654268,160.06583151131207,202.52995953136082,155.09678696973853,155.09678696973853
2022-06-30,107.8289962200981,160.06583151131207,195.47052387127138,154.45511720089385,154.45511720089385
2022-07-31,112.96394881759856,157.98040280191378,162.64454835216165,144.52963332389132,144.52963332389132
2022-08-31,111.72805873705575,157.98040280191378,172.25909188186063,147.32251780694338,147.32251780694338
2022-09-30,104.67174431397912,157.98040280191378,166.9818854662386,143.21134419404382,143.21134419404382
2022-10-31,98.69331506876352,155.69496381860841,164.9354979443725,139.77459227724816,139.77459227724816
2022-11-30,104.6227815836715,155.69496381860841,173.5320237912485,144.61658973117613,144.61658973117613
2022-12-31,116.13791646564883,155.69496381860841,180.45682528587716,150.7632351900448,150.7632351900448
2023-01-31,109.27905725133326,155.8999082512507,194.17266619415153,153.11721056557852,153.11721056557852
2023-02-28,105.50869988665703,155.8999082512507,192.64729637480698,151.3519681709049,151.3519681709049
2023-03-31,107.05350379625483,155.8999082512507,190.91677223939698,151.2900614289675,151.2900614289675
2023-04-30,98.77525788511552,158.4396954792344,189.90028024287727,149.03841120240907,149.03841120240907
2023-05-31,99.41487030510022,158.4396954792344,177.69890605302754,145.18449061245406,145.18449061245406
2023-06-30,103.03582669944936,158.4396954792344,181.00494507827548,147.49348908565307,147.49348908565307
2023-07-31,113.42294679147464,162.18552764243017,182.7329942360304,152.78048955664508,152.78048955664508
2023-08-31,113.85481870568061,162.18552764243017,179.95533922041264,151.99856185617446,151.99856185617446
2023-09-30,106.91215098601536,162.18552764243017,178.42231472404302,149.1733311174962,149.1733311174962
2023-10-31,102.08740999553532,164.79328493774932,171.19295603975672,146.02455032434713,146.02455032434713
2023-11-30,104.41919922859708,164.79328493774932,176.54412518821692,148.5855364515211,148.5855364515211
2023-12-31,107.67088448978255,164.79328493774932,181.2503246403295,151.23816468928712,151.23816468928712
2024-01-31,117.69025129894214,167.09912374051217,180.0310329152602,154.94013598490483,154.94013598490483
2024-02-29,106.66932025451514,167.09912374051217,179.03101662466463,150.93315353989732,150.93315353989732
2024-03-31,101.47623142585087,167.09912374051217,187.39235542598476,151.98923686411592,151.98923686411592
2024-04-30,99.4721716664348,168.3922460543146,203.62002593389798,157.1614812182158,157.1614812182158
2024-05-31,103.31810261971034,168.3922460543146,218.09715398830684,163.2691675541106,163.2691675541106
2024-06-30,110.91076430065718,168.3922460543146,207.98692918478076,162.4299798465842,162.4299798465842
2024-07-31,115.6146824649703,169.35633421405197,202.32054848873494,162.43052172258572,162.43052172258572
2024-08-31,114.1627544366068,169.35633421405197,193.60725169272595,159.04211344779492,159.04211344779492
2024-09-30,106.60454224153622,169.35633421405197,199.60037160410826,158.52041601989882,158.52041601989882
2024-10-31,102.66721126387728,170.3832118069369,205.525627226986,159.52535009926672,159.52535009926672
2024-11-30,102.67566511608314,170.3832118069369,195.6467605257891,156.2352124829364,156.2352124829364
2024-12-31,113.812508653343,170.3832118069369,192.07216744021994,158.75596263349996,158.75596263349996
2025-01-31,124.77064918468358,172.84997803087106,193.51159633778497,163.71074118444653,163.71074118444653
2025-02-28,116.37146652020034,172.84997803087106,201.14917543922695,163.45687333009946,163.45687333009946
2025-03-31,103.9385160299133,172.84997803087106,209.8765494197538,162.2216811601794,162.2216811601794
2025-04-30,102.48030443172001,173.5498297163697,197.73713022148348,157.9224214565244,157.9224214565244
2025-05-31,102.82256813992201,,205.46547427350808,154.14402120671505,154.14402120671505
2025-06-30,111.34974903855516,,212.01598308277454,161.68286606066485,161.68286606066485
2025-07-31,116.85549781144115,,,116.85549781144115,116.85549781144115
2025-08-31,114.51782125688163,,,114.51782125688163,114.51782125688163
